<selectionProfilegroups><group guid="{00000000-0000-0000-0000-000000000000}" enable="True"><Name>default</Name><Comments>default folder (root)</Comments><LastModifiedTime>4/12/2022 2:30:37 AM</LastModifiedTime><LastModifiedBy>DEV\cmadmin</LastModifiedBy><Member>{f8ab0b9d-9bab-4b7c-983f-4ca2c471716c}</Member><Member>{4fedadad-4037-4571-b5d4-5fe2c44b3a4f}</Member><Member>{88e2de35-1871-488c-ba98-634fdaef0583}</Member><Member>{c6e16269-cf47-4897-a82d-490634910436}</Member><Member>{f3bf1705-90d3-40f1-bc16-44f2861b6336}</Member><Member>{32f79a1b-6827-41f1-83f2-cbeff5b1efe9}</Member><Member>{b06fb6fd-d863-4ca7-8d3b-0d9939af643c}</Member></group><group guid="{FFFFFFFF-FFFF-FFFF-FFFF-FFFFFFFFFFFF}" enable="True"><Name>hidden</Name><Comments>This folder contains shared source items that have not been made explicitly visible in this deployment share.</Comments></group></selectionProfilegroups>