<groups><group guid="{00000000-0000-0000-0000-000000000000}" enable="True"><Name>default</Name><Comments>default folder (root)</Comments></group><group guid="{FFFFFFFF-FFFF-FFFF-FFFF-FFFFFFFFFFFF}" enable="True"><Name>hidden</Name><Comments>This folder contains shared source items that have not been made explicitly visible in this deployment share.</Comments></group><group guid="{82ef320d-f0dc-4204-bdb3-5935946b868c}" enable="True"><Name>OSDCloud</Name><CreatedTime>4/12/2022 2:21:27 AM</CreatedTime><CreatedBy>DEV\cmadmin</CreatedBy><LastModifiedTime>4/12/2022 3:31:53 AM</LastModifiedTime><LastModifiedBy>DEV\cmadmin</LastModifiedBy><Member>{520ea692-cf3c-427c-b02e-5b0c547c1d48}</Member><Member>{05b4da91-2744-4a0d-8dba-0f00f4a2c95c}</Member><Member>{0a99c7a5-d384-4888-9643-548c4add9d64}</Member><Member>{5836135b-3dc4-4f88-b0d0-8bd9f87baf98}</Member></group></groups>