<tss><ts guid="{5836135b-3dc4-4f88-b0d0-8bd9f87baf98}" hide="" enable="True"><Name>OSDCloud Workgroup</Name><Comments></Comments><CreatedTime>4/12/2022 2:30:37 AM</CreatedTime><CreatedBy>DEV\cmadmin</CreatedBy><LastModifiedTime>4/12/2022 2:30:37 AM</LastModifiedTime><LastModifiedBy>DEV\cmadmin</LastModifiedBy><DisplayName></DisplayName><ID>OSDCLOUD</ID><Version>1.0</Version><TaskSequenceTemplate>Client.xml</TaskSequenceTemplate></ts><ts guid="{520ea692-cf3c-427c-b02e-5b0c547c1d48}" hide="" enable="True"><Name>OSDCloud - Enterprise</Name><Comments></Comments><CreatedTime>4/12/2022 3:31:53 AM</CreatedTime><CreatedBy>DEV\cmadmin</CreatedBy><LastModifiedTime>4/12/2022 3:31:53 AM</LastModifiedTime><LastModifiedBy>DEV\cmadmin</LastModifiedBy><DisplayName></DisplayName><ID>OSDC-ENT</ID><Version>1.0</Version><TaskSequenceTemplate>Custom.xml</TaskSequenceTemplate></ts><ts guid="{05b4da91-2744-4a0d-8dba-0f00f4a2c95c}" hide="" enable="True"><Name>OSDCloud - Home</Name><Comments></Comments><CreatedTime>4/12/2022 3:31:53 AM</CreatedTime><CreatedBy>DEV\cmadmin</CreatedBy><LastModifiedTime>4/12/2022 3:31:53 AM</LastModifiedTime><LastModifiedBy>DEV\cmadmin</LastModifiedBy><DisplayName></DisplayName><ID>OSDC-HOME</ID><Version>1.0</Version><TaskSequenceTemplate>Custom.xml</TaskSequenceTemplate></ts><ts guid="{0a99c7a5-d384-4888-9643-548c4add9d64}" hide="" enable="True"><Name>OSDCloud - Pro</Name><Comments></Comments><CreatedTime>4/12/2022 3:31:53 AM</CreatedTime><CreatedBy>DEV\cmadmin</CreatedBy><LastModifiedTime>4/12/2022 3:31:53 AM</LastModifiedTime><LastModifiedBy>DEV\cmadmin</LastModifiedBy><DisplayName></DisplayName><ID>OSDC-PRO</ID><Version>1.0</Version><TaskSequenceTemplate>Custom.xml</TaskSequenceTemplate></ts></tss>