<?xml version="1.0"?>
<sequence version="3.00" name="Standard Client Task Sequence" description="A complete task sequence for deploying a client operating system">
  <group name="Initialization" disable="false" continueOnError="false" description="Initialize the TS environment" expand="true">
    <step type="BDD_Gather" name="Gather local only" disable="false" continueOnError="false" successCodeList="0 3010" description="" startIn="">
      <defaultVarList>
        <variable name="GatherLocalOnly" property="GatherLocalOnly">true</variable>
        <variable name="RulesFile" property="RulesFile"></variable>
      </defaultVarList>
      <action>cscript.exe "%SCRIPTROOT%\ZTIGather.wsf"</action>
    </step>
    <step type="SMS_TaskSequence_SetVariableAction" name="Set FinishAction" description="" disable="false" continueOnError="false" successCodeList="0 3010">
      <defaultVarList>
        <variable name="VariableName" property="VariableName">FinishAction</variable>
        <variable name="VariableValue" property="VariableValue">Reboot</variable>
      </defaultVarList>
      <action>cscript.exe "%SCRIPTROOT%\ZTISetVariable.wsf"</action>
    </step>
  </group>
  <group name="Validation" disable="false" continueOnError="false" description="Test" expand="true">
    <condition>
      <operator type="or">
        <expression type="SMS_TaskSequence_VariableConditionExpression">
          <variable name="Variable">PHASE</variable>
          <variable name="Operator">equals</variable>
          <variable name="Value">VALIDATION</variable>
        </expression>
      </operator>
    </condition>
    <step type="BDD_Validate" name="Validate" successCodeList="0 3010" description="" startIn="" disable="false" continueOnError="false">
      <defaultVarList>
        <variable name="ImageSize" property="ImageSize">0</variable>
        <variable name="ImageProcessorSpeed" property="ImageProcessorSpeed">800</variable>
        <variable name="ImageMemory" property="ImageMemory">768</variable>
        <variable name="VerifyOS" property="VerifyOS">CLIENT</variable>
      </defaultVarList>
      <action>cscript.exe "%SCRIPTROOT%\ZTIValidate.wsf"</action>
    </step>
    <step name="Check BIOS" disable="false" continueOnError="false" successCodeList="0 3010" description="" startIn="">
      <action>cscript.exe "%SCRIPTROOT%\ZTIBIOSCheck.wsf"</action>
      <defaultVarList>
        <variable name="RunAsUser" property="RunAsUser">false</variable>
        <variable name="SMSTSRunCommandLineUserName" property="SMSTSRunCommandLineUserName"></variable>
        <variable name="SMSTSRunCommandLineUserPassword" property="SMSTSRunCommandLineUserPassword"></variable>
        <variable name="LoadProfile" property="LoadProfile">false</variable>
      </defaultVarList>
    </step>
    <step name="Next Phase" disable="false" continueOnError="false" successCodeList="0 3010" description="" startIn="">
      <action>cscript.exe "%SCRIPTROOT%\ZTINextPhase.wsf"</action>
      <defaultVarList>
        <variable name="RunAsUser" property="RunAsUser">false</variable>
        <variable name="SMSTSRunCommandLineUserName" property="SMSTSRunCommandLineUserName"></variable>
        <variable name="SMSTSRunCommandLineUserPassword" property="SMSTSRunCommandLineUserPassword"></variable>
        <variable name="LoadProfile" property="LoadProfile">false</variable>
      </defaultVarList>
    </step>
  </group>
  <group name="Preinstall" disable="false" continueOnError="false" description="" expand="true">
    <condition>
      <expression type="SMS_TaskSequence_VariableConditionExpression">
        <variable name="Variable">PHASE</variable>
        <variable name="Operator">equals</variable>
        <variable name="Value">PREINSTALL</variable>
      </expression>
    </condition>
    <step type="BDD_Gather" name="Gather local only" disable="false" continueOnError="false" successCodeList="0 3010" description="" startIn="">
      <defaultVarList>
        <variable name="GatherLocalOnly" property="GatherLocalOnly">true</variable>
        <variable name="RulesFile" property="RulesFile"></variable>
      </defaultVarList>
      <action>cscript.exe "%SCRIPTROOT%\ZTIGather.wsf"</action>
    </step>
    <step type="BDD_Validate" name="Validate" disable="false" continueOnError="false" successCodeList="0 3010" description="" startIn="">
      <defaultVarList>
        <variable name="ImageSize" property="ImageSize">0</variable>
        <variable name="ImageProcessorSpeed" property="ImageProcessorSpeed">800</variable>
        <variable name="ImageMemory" property="ImageMemory">768</variable>
        <variable name="VerifyOS" property="VerifyOS">CLIENT</variable>
      </defaultVarList>
      <action>cscript.exe "%SCRIPTROOT%\ZTIValidate.wsf"</action>
    </step>
    <step type="SMS_TaskSequence_PartitionDiskAction" name="Format and Partition Disk (UEFI)" description="" runIn="WinPE" successCodeList="0" disable="false" continueOnError="false">
      <condition>
        <expression type="SMS_TaskSequence_VariableConditionExpression">
          <variable name="Operator">equals</variable>
          <variable name="Value">True</variable>
          <variable name="Variable">IsUEFI</variable>
        </expression>
      </condition>
      <defaultVarList>
        <variable name="OSDDiskIndex" property="DiskIndex">0</variable>
        <variable name="OSDDiskPartitions1Type" property="OSDDiskPartitions1Type">Recovery</variable>
        <variable name="DONotCreateExtraPartition" property="DONotCreateExtraPartition"></variable>
        <variable name="OSDPartitions0Type" property="Partitions0Type">EFI</variable>
        <variable name="OSDPartitions0FileSystem" property="Partitions0FileSystem">FAT32</variable>
        <variable name="OSDPartitions0Bootable" property="Partitions0Bootable">True</variable>
        <variable name="OSDPartitions0QuickFormat" property="Partitions0QuickFormat">True</variable>
        <variable name="OSDPartitions0VolumeName" property="Partitions0VolumeName">Boot</variable>
        <variable name="OSDPartitions0Size" property="Partitions0Size">499</variable>
        <variable name="OSDPartitions0SizeUnits" property="Partitions0SizeUnits">MB</variable>
        <variable name="OSDPartitions0VolumeLetterVariable" property="Partitions0VolumeLetterVariable"></variable>
        <variable name="OSDPartitions1Type" property="Partitions1Type">MSR</variable>
        <variable name="OSDPartitions1FileSystem" property="Partitions1FileSystem">NTFS</variable>
        <variable name="OSDPartitions1Bootable" property="Partitions1Bootable">False</variable>
        <variable name="OSDPartitions1QuickFormat" property="Partitions1QuickFormat">True</variable>
        <variable name="OSDPartitions1VolumeName" property="Partitions1VolumeName"></variable>
        <variable name="OSDPartitions1Size" property="Partitions1Size">128</variable>
        <variable name="OSDPartitions1SizeUnits" property="Partitions1SizeUnits">MB</variable>
        <variable name="OSDPartitions1VolumeLetterVariable" property="Partitions1VolumeLetterVariable"></variable>
        <variable name="OSDPartitions2Type" property="Partitions2Type">Primary</variable>
        <variable name="OSDPartitions2FileSystem" property="Partitions2FileSystem">NTFS</variable>
        <variable name="OSDPartitions2Bootable" property="Partitions2Bootable">False</variable>
        <variable name="OSDPartitions2QuickFormat" property="Partitions2QuickFormat">True</variable>
        <variable name="OSDPartitions2VolumeName" property="Partitions2VolumeName">Windows</variable>
        <variable name="OSDPartitions2Size" property="Partitions2Size">99</variable>
        <variable name="OSDPartitions2SizeUnits" property="Partitions2SizeUnits">%</variable>
        <variable name="OSDPartitions2VolumeLetterVariable" property="Partitions2VolumeLetterVariable">OSDisk</variable>
        <variable name="OSDPartitions3Type" property="Partitions3Type">Recovery</variable>
        <variable name="OSDPartitions3FileSystem" property="Partitions3FileSystem">NTFS</variable>
        <variable name="OSDPartitions3Bootable" property="Partitions3Bootable">False</variable>
        <variable name="OSDPartitions3QuickFormat" property="Partitions3QuickFormat">True</variable>
        <variable name="OSDPartitions3VolumeName" property="Partitions3VolumeName">Recovery</variable>
        <variable name="OSDPartitions3Size" property="Partitions3Size">100</variable>
        <variable name="OSDPartitions3SizeUnits" property="Partitions3SizeUnits">%</variable>
        <variable name="OSDPartitions3VolumeLetterVariable" property="Partitions3VolumeLetterVariable"></variable>
        <variable name="OSDPartitions" property="Partitions">4</variable>
        <variable name="OSDPartitionStyle" property="PartitionStyle">GPT</variable>
      </defaultVarList>
      <action>cscript.exe "%SCRIPTROOT%\ZTIDiskpart.wsf"</action>
    </step>
    <step type="SMS_TaskSequence_RunCommandLineAction" name="CMTrace" description="" disable="false" continueOnError="false" startIn="" successCodeList="0 3010" runIn="WinPEandFullOS">
      <defaultVarList>
        <variable name="PackageID" property="PackageID" />
        <variable name="RunAsUser" property="RunAsUser">false</variable>
        <variable name="SMSTSRunCommandLineUserName" property="SMSTSRunCommandLineUserName"></variable>
        <variable name="SMSTSRunCommandLineUserPassword" property="SMSTSRunCommandLineUserPassword"></variable>
        <variable name="LoadProfile" property="LoadProfile">false</variable>
      </defaultVarList>
      <action>powershell.exe -executionpolicy bypass -command "Invoke-Expression (Invoke-RestMethod 'https://raw.githubusercontent.com/gwblok/garytown/master/OSD/CloudOSD/CopyCMTrace.ps1')"</action>
    </step>
    <step name="Copy scripts" disable="false" continueOnError="false" successCodeList="0 3010" description="" startIn="">
      <action>cscript.exe "%SCRIPTROOT%\LTICopyScripts.wsf"</action>
      <defaultVarList>
        <variable name="RunAsUser" property="RunAsUser">false</variable>
        <variable name="SMSTSRunCommandLineUserName" property="SMSTSRunCommandLineUserName"></variable>
        <variable name="SMSTSRunCommandLineUserPassword" property="SMSTSRunCommandLineUserPassword"></variable>
        <variable name="LoadProfile" property="LoadProfile">false</variable>
      </defaultVarList>
    </step>
    <step name="Configure" disable="false" continueOnError="false" successCodeList="0 3010" description="" startIn="">
      <action>cscript.exe "%SCRIPTROOT%\ZTIConfigure.wsf"</action>
      <defaultVarList>
        <variable name="RunAsUser" property="RunAsUser">false</variable>
        <variable name="SMSTSRunCommandLineUserName" property="SMSTSRunCommandLineUserName"></variable>
        <variable name="SMSTSRunCommandLineUserPassword" property="SMSTSRunCommandLineUserPassword"></variable>
        <variable name="LoadProfile" property="LoadProfile">false</variable>
      </defaultVarList>
    </step>
    <step name="Next Phase" disable="false" continueOnError="false" successCodeList="0 3010" description="" startIn="">
      <action>cscript.exe "%SCRIPTROOT%\ZTINextPhase.wsf"</action>
      <defaultVarList>
        <variable name="RunAsUser" property="RunAsUser">false</variable>
        <variable name="SMSTSRunCommandLineUserName" property="SMSTSRunCommandLineUserName"></variable>
        <variable name="SMSTSRunCommandLineUserPassword" property="SMSTSRunCommandLineUserPassword"></variable>
        <variable name="LoadProfile" property="LoadProfile">false</variable>
      </defaultVarList>
    </step>
  </group>
  <group name="Install" disable="false" continueOnError="false" description="" expand="true">
    <condition>
      <expression type="SMS_TaskSequence_VariableConditionExpression">
        <variable name="Variable">PHASE</variable>
        <variable name="Operator">equals</variable>
        <variable name="Value">INSTALL</variable>
      </expression>
    </condition>
    <step type="SMS_TaskSequence_SetVariableAction" name="Set OSBuild" description="" disable="false" continueOnError="false" successCodeList="0 3010">
      <defaultVarList>
        <variable name="VariableName" property="VariableName">OSBuild</variable>
        <variable name="VariableValue" property="VariableValue">21H2</variable>
      </defaultVarList>
      <action>cscript.exe "%SCRIPTROOT%\ZTISetVariable.wsf"</action>
    </step>
    <step type="SMS_TaskSequence_SetVariableAction" name="Set OSEdition" description="" disable="false" continueOnError="false" successCodeList="0 3010">
      <defaultVarList>
        <variable name="VariableName" property="VariableName">OSEdition</variable>
        <variable name="VariableValue" property="VariableValue">Enterprise</variable>
      </defaultVarList>
      <action>cscript.exe "%SCRIPTROOT%\ZTISetVariable.wsf"</action>
    </step>
    <step type="SMS_TaskSequence_SetVariableAction" name="Set OSVersion" description="" disable="false" continueOnError="false" successCodeList="0 3010">
      <defaultVarList>
        <variable name="VariableName" property="VariableName">OSVersion</variable>
        <variable name="VariableValue" property="VariableValue">'Windows 11'</variable>
      </defaultVarList>
      <action>cscript.exe "%SCRIPTROOT%\ZTISetVariable.wsf"</action>
    </step>
    <step type="SMS_TaskSequence_RunCommandLineAction" name="Set OSDComputerName" description="" disable="false" continueOnError="false" startIn="" successCodeList="0 3010" runIn="WinPEandFullOS">
      <defaultVarList>
        <variable name="PackageID" property="PackageID"></variable>
        <variable name="RunAsUser" property="RunAsUser">false</variable>
        <variable name="SMSTSRunCommandLineUserName" property="SMSTSRunCommandLineUserName"></variable>
        <variable name="SMSTSRunCommandLineUserPassword" property="SMSTSRunCommandLineUserPassword"></variable>
        <variable name="LoadProfile" property="LoadProfile">false</variable>
      </defaultVarList>
      <action>powershell.exe -executionpolicy bypass -command "Invoke-Expression (Invoke-RestMethod 'https://raw.githubusercontent.com/gwblok/garytown/master/OSD/CloudOSD/CreateOSDComputerName.ps1')"</action>
    </step>
    <step type="SMS_TaskSequence_RunCommandLineAction" name="sandbox osdcloud" description="" disable="false" continueOnError="false" startIn="" successCodeList="0 3010" runIn="WinPEandFullOS">
      <defaultVarList>
        <variable name="PackageID" property="PackageID"></variable>
        <variable name="RunAsUser" property="RunAsUser">false</variable>
        <variable name="SMSTSRunCommandLineUserName" property="SMSTSRunCommandLineUserName"></variable>
        <variable name="SMSTSRunCommandLineUserPassword" property="SMSTSRunCommandLineUserPassword"></variable>
        <variable name="LoadProfile" property="LoadProfile">false</variable>
      </defaultVarList>
      <action>powershell.exe -executionpolicy bypass -command "Invoke-Expression (Invoke-RestMethod 'sandbox.osdcloud.com')"</action>
    </step>
    <step type="SMS_TaskSequence_RunCommandLineAction" name="OSDCloud" description="" disable="false" continueOnError="false" startIn="" successCodeList="0 3010" runIn="WinPEandFullOS">
      <defaultVarList>
        <variable name="PackageID" property="PackageID"></variable>
        <variable name="RunAsUser" property="RunAsUser">false</variable>
        <variable name="SMSTSRunCommandLineUserName" property="SMSTSRunCommandLineUserName"></variable>
        <variable name="SMSTSRunCommandLineUserPassword" property="SMSTSRunCommandLineUserPassword"></variable>
        <variable name="LoadProfile" property="LoadProfile">false</variable>
      </defaultVarList>
      <action>cmd.exe /c start /wait %SYSTEMROOT%\System32\WindowsPowershell\v1.0\powershell.exe -ep bypass -command (new-object -ComObject Microsoft.SMS.TsProgressUI).CloseProgressDialog() ; Start-OSDCloud -ZTI -OSBuild %OSBuild% -OSEdition %OSEdition% -OSVersion %OSVersion%</action>
    </step>
    <step name="Copy scripts" disable="false" continueOnError="false" successCodeList="0 3010" description="" startIn="">
      <action>cscript.exe "%SCRIPTROOT%\LTICopyScripts.wsf"</action>
      <defaultVarList>
        <variable name="RunAsUser" property="RunAsUser">false</variable>
        <variable name="SMSTSRunCommandLineUserName" property="SMSTSRunCommandLineUserName"></variable>
        <variable name="SMSTSRunCommandLineUserPassword" property="SMSTSRunCommandLineUserPassword"></variable>
        <variable name="LoadProfile" property="LoadProfile">false</variable>
      </defaultVarList>
    </step>
    <step name="Configure" disable="false" continueOnError="false" successCodeList="0 3010" description="" startIn="">
      <action>cscript.exe "%SCRIPTROOT%\ZTIConfigure.wsf"</action>
      <defaultVarList>
        <variable name="RunAsUser" property="RunAsUser">false</variable>
        <variable name="SMSTSRunCommandLineUserName" property="SMSTSRunCommandLineUserName"></variable>
        <variable name="SMSTSRunCommandLineUserPassword" property="SMSTSRunCommandLineUserPassword"></variable>
        <variable name="LoadProfile" property="LoadProfile">false</variable>
      </defaultVarList>
    </step>
    <step type="SMS_TaskSequence_RunCommandLineAction" name="Update Unattend.xml" description="" disable="false" continueOnError="false" startIn="" successCodeList="0 3010" runIn="WinPEandFullOS">
      <defaultVarList>
        <variable name="PackageID" property="PackageID"></variable>
        <variable name="RunAsUser" property="RunAsUser">false</variable>
        <variable name="SMSTSRunCommandLineUserName" property="SMSTSRunCommandLineUserName"></variable>
        <variable name="SMSTSRunCommandLineUserPassword" property="SMSTSRunCommandLineUserPassword"></variable>
        <variable name="LoadProfile" property="LoadProfile">false</variable>
      </defaultVarList>
      <action>powershell.exe -executionpolicy bypass -command "Invoke-Expression (Invoke-RestMethod 'https://raw.githubusercontent.com/gwblok/garytown/master/OSD/CloudOSD/CreateCloudOSD_MDT_UnattendXML.ps1')"</action>
    </step>
    <step type="SMS_TaskSequence_RunCommandLineAction" name="EnableCursorSuppression 0" description="" disable="false" continueOnError="false" startIn="" successCodeList="0 3010" runIn="WinPEandFullOS">
      <defaultVarList>
        <variable name="PackageID" property="PackageID"></variable>
        <variable name="RunAsUser" property="RunAsUser">false</variable>
        <variable name="SMSTSRunCommandLineUserName" property="SMSTSRunCommandLineUserName"></variable>
        <variable name="SMSTSRunCommandLineUserPassword" property="SMSTSRunCommandLineUserPassword"></variable>
        <variable name="LoadProfile" property="LoadProfile">false</variable>
      </defaultVarList>
      <action>cmd.exe /c reg load HKLM\Offline c:\windows\system32\config\software &amp; cmd.exe /c REG ADD "HKLM\Offline\Microsoft\Windows\CurrentVersion\Policies\System" /v EnableCursorSuppression /t REG_DWORD /d 0 /f &amp; cmd.exe /c reg unload HKLM\Offline</action>
    </step>
    <step type="SMS_TaskSequence_RunCommandLineAction" name="Set Wallpaper" description="" disable="false" continueOnError="false" startIn="" successCodeList="0 3010" runIn="WinPEandFullOS">
      <defaultVarList>
        <variable name="PackageID" property="PackageID"></variable>
        <variable name="RunAsUser" property="RunAsUser">false</variable>
        <variable name="SMSTSRunCommandLineUserName" property="SMSTSRunCommandLineUserName"></variable>
        <variable name="SMSTSRunCommandLineUserPassword" property="SMSTSRunCommandLineUserPassword"></variable>
        <variable name="LoadProfile" property="LoadProfile">false</variable>
      </defaultVarList>
      <action>powershell.exe -executionpolicy bypass -command "Invoke-Expression (Invoke-RestMethod 'https://raw.githubusercontent.com/gwblok/garytown/master/OSD/CloudOSD/Set-WallPaper.ps1')"</action>
    </step>
    <step type="SMS_TaskSequence_RunCommandLineAction" name="Set LockScreen" description="" disable="false" continueOnError="false" startIn="" successCodeList="0 3010" runIn="WinPEandFullOS">
      <defaultVarList>
        <variable name="PackageID" property="PackageID"></variable>
        <variable name="RunAsUser" property="RunAsUser">false</variable>
        <variable name="SMSTSRunCommandLineUserName" property="SMSTSRunCommandLineUserName"></variable>
        <variable name="SMSTSRunCommandLineUserPassword" property="SMSTSRunCommandLineUserPassword"></variable>
        <variable name="LoadProfile" property="LoadProfile">false</variable>
      </defaultVarList>
      <action>powershell.exe -executionpolicy bypass -command "Invoke-Expression (Invoke-RestMethod 'https://raw.githubusercontent.com/gwblok/garytown/master/OSD/CloudOSD/Set-LockScreen.ps1')"</action>
    </step>
    <step type="SMS_TaskSequence_RunCommandLineAction" name="Remove App X" description="" disable="false" continueOnError="true" startIn="" successCodeList="0 3010" runIn="WinPEandFullOS">
      <defaultVarList>
        <variable name="PackageID" property="PackageID"></variable>
        <variable name="RunAsUser" property="RunAsUser">false</variable>
        <variable name="SMSTSRunCommandLineUserName" property="SMSTSRunCommandLineUserName"></variable>
        <variable name="SMSTSRunCommandLineUserPassword" property="SMSTSRunCommandLineUserPassword"></variable>
        <variable name="LoadProfile" property="LoadProfile">false</variable>
      </defaultVarList>
      <action>powershell.exe -executionpolicy bypass -command "Invoke-Expression (Invoke-RestMethod 'https://raw.githubusercontent.com/gwblok/garytown/master/OSD/CloudOSD/Remove-NonCorporateApps.ps1')"</action>
    </step>
    <step name="Next Phase" disable="false" continueOnError="false" successCodeList="0 3010" description="" startIn="">
      <action>cscript.exe "%SCRIPTROOT%\ZTINextPhase.wsf"</action>
      <defaultVarList>
        <variable name="RunAsUser" property="RunAsUser">false</variable>
        <variable name="SMSTSRunCommandLineUserName" property="SMSTSRunCommandLineUserName"></variable>
        <variable name="SMSTSRunCommandLineUserPassword" property="SMSTSRunCommandLineUserPassword"></variable>
        <variable name="LoadProfile" property="LoadProfile">false</variable>
      </defaultVarList>
    </step>
  </group>
  <group name="Postinstall" disable="false" continueOnError="false" description="" expand="true">
    <condition>
      <expression type="SMS_TaskSequence_VariableConditionExpression">
        <variable name="Variable">PHASE</variable>
        <variable name="Operator">equals</variable>
        <variable name="Value">POSTINSTALL</variable>
      </expression>
    </condition>
    <step name="Copy Scripts" disable="false" continueOnError="false" successCodeList="0 3010" description="" startIn="">
      <action>cscript.exe "%SCRIPTROOT%\LTICopyScripts.wsf"</action>
      <defaultVarList>
        <variable name="RunAsUser" property="RunAsUser">false</variable>
        <variable name="SMSTSRunCommandLineUserName" property="SMSTSRunCommandLineUserName"></variable>
        <variable name="SMSTSRunCommandLineUserPassword" property="SMSTSRunCommandLineUserPassword"></variable>
        <variable name="LoadProfile" property="LoadProfile">false</variable>
      </defaultVarList>
    </step>
    <step name="Configure" disable="false" continueOnError="false" successCodeList="0 3010" description="" startIn="">
      <action>cscript.exe "%SCRIPTROOT%\ZTIConfigure.wsf"</action>
      <defaultVarList>
        <variable name="RunAsUser" property="RunAsUser">false</variable>
        <variable name="SMSTSRunCommandLineUserName" property="SMSTSRunCommandLineUserName"></variable>
        <variable name="SMSTSRunCommandLineUserPassword" property="SMSTSRunCommandLineUserPassword"></variable>
        <variable name="LoadProfile" property="LoadProfile">false</variable>
      </defaultVarList>
    </step>
    <step type="SMS_TaskSequence_RunCommandLineAction" name="Add Windows Recovery (WinRE)" description="" disable="false" continueOnError="false" startIn="" successCodeList="0 3010" runIn="WinPEandFullOS">
      <action>cscript.exe "%SCRIPTROOT%\ZTIWinRE.wsf"</action>
      <defaultVarList>
        <variable name="RunAsUser" property="RunAsUser">false</variable>
        <variable name="SMSTSRunCommandLineUserName" property="SMSTSRunCommandLineUserName"></variable>
        <variable name="SMSTSRunCommandLineUserPassword" property="SMSTSRunCommandLineUserPassword"></variable>
        <variable name="LoadProfile" property="LoadProfile">false</variable>
      </defaultVarList>
    </step>
    <step name="Next Phase" disable="false" continueOnError="false" successCodeList="0 3010" description="" startIn="">
      <action>cscript.exe "%SCRIPTROOT%\ZTINextPhase.wsf"</action>
      <defaultVarList>
        <variable name="RunAsUser" property="RunAsUser">false</variable>
        <variable name="SMSTSRunCommandLineUserName" property="SMSTSRunCommandLineUserName"></variable>
        <variable name="SMSTSRunCommandLineUserPassword" property="SMSTSRunCommandLineUserPassword"></variable>
        <variable name="LoadProfile" property="LoadProfile">false</variable>
      </defaultVarList>
    </step>
    <step type="SMS_TaskSequence_RebootAction" name="Restart computer" description="" disable="false" continueOnError="false" runIn="WinPEandFullOS" successCodeList="0 3010">
      <defaultVarList>
        <variable name="Message" property="Message"></variable>
        <variable name="MessageTimeout" property="MessageTimeout">60</variable>
        <variable name="Target" property="Target"></variable>
      </defaultVarList>
      <action>smsboot.exe /target:WinPE</action>
    </step>
    <step name="Windows Update" disable="true" continueOnError="true" successCodeList="0 3010" description="" startIn="">
      <action>cscript.exe "%SCRIPTROOT%\ZTIWindowsUpdate.wsf"</action>
      <defaultVarList>
        <variable name="RunAsUser" property="RunAsUser">false</variable>
        <variable name="SMSTSRunCommandLineUserName" property="SMSTSRunCommandLineUserName"></variable>
        <variable name="SMSTSRunCommandLineUserPassword" property="SMSTSRunCommandLineUserPassword"></variable>
        <variable name="LoadProfile" property="LoadProfile">false</variable>
      </defaultVarList>
    </step>
    <step type="SMS_TaskSequence_RunCommandLineAction" name="Machine Customizations" description="" disable="false" continueOnError="false" startIn="" successCodeList="0 3010" runIn="WinPEandFullOS">
      <defaultVarList>
        <variable name="PackageID" property="PackageID"></variable>
        <variable name="RunAsUser" property="RunAsUser">false</variable>
        <variable name="SMSTSRunCommandLineUserName" property="SMSTSRunCommandLineUserName"></variable>
        <variable name="SMSTSRunCommandLineUserPassword" property="SMSTSRunCommandLineUserPassword"></variable>
        <variable name="LoadProfile" property="LoadProfile">false</variable>
      </defaultVarList>
      <action>powershell.exe -executionpolicy bypass -command "Invoke-Expression (Invoke-RestMethod 'https://raw.githubusercontent.com/gwblok/garytown/master/OSD/CloudOSD/WindowsCustomizations-Machine.ps1')"</action>
    </step>
    <step type="SMS_TaskSequence_RunCommandLineAction" name="CMTrace" description="" disable="false" continueOnError="false" startIn="" successCodeList="0 3010" runIn="WinPEandFullOS">
      <defaultVarList>
        <variable name="PackageID" property="PackageID"></variable>
        <variable name="RunAsUser" property="RunAsUser">false</variable>
        <variable name="SMSTSRunCommandLineUserName" property="SMSTSRunCommandLineUserName"></variable>
        <variable name="SMSTSRunCommandLineUserPassword" property="SMSTSRunCommandLineUserPassword"></variable>
        <variable name="LoadProfile" property="LoadProfile">false</variable>
      </defaultVarList>
      <action>powershell.exe -executionpolicy bypass -command "Invoke-Expression (Invoke-RestMethod 'https://raw.githubusercontent.com/gwblok/garytown/master/OSD/CloudOSD/CopyCMTrace.ps1')"</action>
    </step>
    <step type="SMS_TaskSequence_RunCommandLineAction" name="Set This-PC" description="" disable="false" continueOnError="false" startIn="" successCodeList="0 3010" runIn="WinPEandFullOS">
      <defaultVarList>
        <variable name="PackageID" property="PackageID"></variable>
        <variable name="RunAsUser" property="RunAsUser">false</variable>
        <variable name="SMSTSRunCommandLineUserName" property="SMSTSRunCommandLineUserName"></variable>
        <variable name="SMSTSRunCommandLineUserPassword" property="SMSTSRunCommandLineUserPassword"></variable>
        <variable name="LoadProfile" property="LoadProfile">false</variable>
      </defaultVarList>
      <action>powershell.exe -executionpolicy bypass -command "Invoke-Expression (Invoke-RestMethod 'https://raw.githubusercontent.com/gwblok/garytown/master/OSD/CloudOSD/Set-ThisPC.ps1')"</action>
    </step>
    <step type="SMS_TaskSequence_RunCommandLineAction" name="Set OEM Info" description="" disable="false" continueOnError="false" startIn="" successCodeList="0 3010" runIn="WinPEandFullOS">
      <defaultVarList>
        <variable name="PackageID" property="PackageID"></variable>
        <variable name="RunAsUser" property="RunAsUser">false</variable>
        <variable name="SMSTSRunCommandLineUserName" property="SMSTSRunCommandLineUserName"></variable>
        <variable name="SMSTSRunCommandLineUserPassword" property="SMSTSRunCommandLineUserPassword"></variable>
        <variable name="LoadProfile" property="LoadProfile">false</variable>
      </defaultVarList>
      <action>powershell.exe -executionpolicy bypass -command "Invoke-Expression (Invoke-RestMethod 'https://raw.githubusercontent.com/gwblok/garytown/master/OSD/CloudOSD/OEMInfo.ps1')"</action>
    </step>
    <step type="SMS_TaskSequence_RunCommandLineAction" name="Replace Default User Images" description="" disable="false" continueOnError="false" startIn="" successCodeList="0 3010" runIn="WinPEandFullOS">
      <defaultVarList>
        <variable name="PackageID" property="PackageID"></variable>
        <variable name="RunAsUser" property="RunAsUser">false</variable>
        <variable name="SMSTSRunCommandLineUserName" property="SMSTSRunCommandLineUserName"></variable>
        <variable name="SMSTSRunCommandLineUserPassword" property="SMSTSRunCommandLineUserPassword"></variable>
        <variable name="LoadProfile" property="LoadProfile">false</variable>
      </defaultVarList>
      <action>powershell.exe -executionpolicy bypass -command "Invoke-Expression (Invoke-RestMethod 'https://raw.githubusercontent.com/gwblok/garytown/master/OSD/CloudOSD/UserImages.ps1')"</action>
    </step>
    <step type="SMS_TaskSequence_RebootAction" name="Restart computer" description="" disable="false" continueOnError="false" runIn="WinPEandFullOS" successCodeList="0 3010">
      <defaultVarList>
        <variable name="Message" property="Message" />
        <variable name="MessageTimeout" property="MessageTimeout">60</variable>
        <variable name="Target" property="Target" />
      </defaultVarList>
      <action>smsboot.exe /target:WinPE</action>
    </step>
    <step type="SMS_TaskSequence_RunCommandLineAction" name="Update Unattend.xml" description="" disable="false" continueOnError="false" startIn="" successCodeList="0 3010" runIn="WinPEandFullOS">
      <defaultVarList>
        <variable name="PackageID" property="PackageID" />
        <variable name="RunAsUser" property="RunAsUser">false</variable>
        <variable name="SMSTSRunCommandLineUserName" property="SMSTSRunCommandLineUserName"></variable>
        <variable name="SMSTSRunCommandLineUserPassword" property="SMSTSRunCommandLineUserPassword"></variable>
        <variable name="LoadProfile" property="LoadProfile">false</variable>
      </defaultVarList>
      <action>powershell.exe -executionpolicy bypass -command "Invoke-Expression (Invoke-RestMethod 'https://raw.githubusercontent.com/gwblok/garytown/master/OSD/CloudOSD/CreateCloudOSD_MDTPost_UnattendXML.ps1')"</action>
    </step>
    <step type="SMS_TaskSequence_RunCommandLineAction" name="Scheduled Task OSDCloudPost" description="" disable="false" continueOnError="false" startIn="" successCodeList="0 3010" runIn="WinPEandFullOS">
      <defaultVarList>
        <variable name="PackageID" property="PackageID" />
        <variable name="RunAsUser" property="RunAsUser">false</variable>
        <variable name="SMSTSRunCommandLineUserName" property="SMSTSRunCommandLineUserName"></variable>
        <variable name="SMSTSRunCommandLineUserPassword" property="SMSTSRunCommandLineUserPassword"></variable>
        <variable name="LoadProfile" property="LoadProfile">false</variable>
      </defaultVarList>
      <action>powershell.exe -executionpolicy bypass -command "Invoke-Expression (Invoke-RestMethod 'https://raw.githubusercontent.com/gwblok/garytown/master/OSD/CloudOSD/ScheduleOSDCloudPost.ps1')"</action>
    </step>
    <step type="SMS_TaskSequence_RunCommandLineAction" name="Remove ZTI Startup" description="" disable="false" continueOnError="false" startIn="" successCodeList="0 3010" runIn="WinPEandFullOS">
      <defaultVarList>
        <variable name="PackageID" property="PackageID"></variable>
        <variable name="RunAsUser" property="RunAsUser">false</variable>
        <variable name="SMSTSRunCommandLineUserName" property="SMSTSRunCommandLineUserName"></variable>
        <variable name="SMSTSRunCommandLineUserPassword" property="SMSTSRunCommandLineUserPassword"></variable>
        <variable name="LoadProfile" property="LoadProfile">false</variable>
      </defaultVarList>
      <action>cmd.exe /c del "C:\ProgramData\Microsoft\Windows\Start Menu\Programs\Startup\LiteTouch.lnk" /F /Q</action>
    </step>
    <step type="SMS_TaskSequence_RunCommandLineAction" name="Sysprep" description="" disable="false" continueOnError="false" startIn="" successCodeList="0 3010" runIn="WinPEandFullOS">
      <defaultVarList>
        <variable name="PackageID" property="PackageID"></variable>
        <variable name="RunAsUser" property="RunAsUser">false</variable>
        <variable name="SMSTSRunCommandLineUserName" property="SMSTSRunCommandLineUserName"></variable>
        <variable name="SMSTSRunCommandLineUserPassword" property="SMSTSRunCommandLineUserPassword"></variable>
        <variable name="LoadProfile" property="LoadProfile">false</variable>
      </defaultVarList>
      <action>cmd.exe /c C:\Windows\System32\Sysprep\sysprep.exe /oobe /reboot /unattend:C:\Windows\Panther\Unattend\Unattend.xml</action>
    </step>
  </group>
</sequence>