<INSTANCE CLASSNAME="SMS_TaskSequencePackage">
  <QUALIFIER NAME="dynamic" PROPAGATED="true" TYPE="boolean" TOSUBCLASS="false" TOINSTANCE="true">
    <VALUE>TRUE</VALUE>
  </QUALIFIER>
  <QUALIFIER NAME="SecurityVerbs" TYPE="sint32" TOSUBCLASS="false">
    <VALUE>-1</VALUE>
  </QUALIFIER>
  <PROPERTY NAME="__PATH" CLASSORIGIN="___SYSTEM" TYPE="string">
    <VALUE>\\MEMCM\root\sms\site_MEM:SMS_TaskSequencePackage.PackageID="MEM000F8"</VALUE>
  </PROPERTY>
  <PROPERTY NAME="__NAMESPACE" CLASSORIGIN="___SYSTEM" TYPE="string">
    <VALUE>root\sms\site_MEM</VALUE>
  </PROPERTY>
  <PROPERTY NAME="__SERVER" CLASSORIGIN="___SYSTEM" TYPE="string">
    <VALUE>MEMCM</VALUE>
  </PROPERTY>
  <PROPERTY.ARRAY NAME="__DERIVATION" CLASSORIGIN="___SYSTEM" TYPE="string">
    <VALUE.ARRAY>
      <VALUE>SMS_PackageBaseclass</VALUE>
      <VALUE>SMS_BaseClass</VALUE>
    </VALUE.ARRAY>
  </PROPERTY.ARRAY>
  <PROPERTY NAME="__PROPERTY_COUNT" CLASSORIGIN="___SYSTEM" TYPE="sint32">
    <VALUE>78</VALUE>
  </PROPERTY>
  <PROPERTY NAME="__RELPATH" CLASSORIGIN="___SYSTEM" TYPE="string">
    <VALUE>SMS_TaskSequencePackage.PackageID="MEM000F8"</VALUE>
  </PROPERTY>
  <PROPERTY NAME="__DYNASTY" CLASSORIGIN="___SYSTEM" TYPE="string">
    <VALUE>SMS_BaseClass</VALUE>
  </PROPERTY>
  <PROPERTY NAME="__SUPERCLASS" CLASSORIGIN="___SYSTEM" TYPE="string">
    <VALUE>SMS_PackageBaseclass</VALUE>
  </PROPERTY>
  <PROPERTY NAME="__CLASS" CLASSORIGIN="___SYSTEM" TYPE="string">
    <VALUE>SMS_TaskSequencePackage</VALUE>
  </PROPERTY>
  <PROPERTY NAME="__GENUS" CLASSORIGIN="___SYSTEM" TYPE="sint32">
    <VALUE>2</VALUE>
  </PROPERTY>
  <PROPERTY NAME="ActionInProgress" CLASSORIGIN="SMS_PackageBaseclass" TYPE="uint32">
    <QUALIFIER NAME="CIMTYPE" PROPAGATED="true" TYPE="string" TOINSTANCE="true">
      <VALUE>uint32</VALUE>
    </QUALIFIER>
    <VALUE>1</VALUE>
  </PROPERTY>
  <PROPERTY NAME="AlternateContentProviders" CLASSORIGIN="SMS_PackageBaseclass" TYPE="string">
    <QUALIFIER NAME="CIMTYPE" PROPAGATED="true" TYPE="string" TOINSTANCE="true">
      <VALUE>string</VALUE>
    </QUALIFIER>
    <VALUE></VALUE>
  </PROPERTY>
  <PROPERTY NAME="BaseBoardProductID" CLASSORIGIN="SMS_PackageBaseclass" PROPAGATED="true" TYPE="string">
    <QUALIFIER NAME="CIMTYPE" PROPAGATED="true" TYPE="string" TOINSTANCE="true">
      <VALUE>string</VALUE>
    </QUALIFIER>
    <VALUE></VALUE>
  </PROPERTY>
  <PROPERTY NAME="BootImageID" CLASSORIGIN="SMS_TaskSequencePackage" TYPE="string">
    <QUALIFIER NAME="CIMTYPE" PROPAGATED="true" TYPE="string" TOINSTANCE="true">
      <VALUE>string</VALUE>
    </QUALIFIER>
    <VALUE>MEM00003</VALUE>
  </PROPERTY>
  <PROPERTY NAME="Category" CLASSORIGIN="SMS_TaskSequencePackage" TYPE="string">
    <QUALIFIER NAME="CIMTYPE" PROPAGATED="true" TYPE="string" TOINSTANCE="true">
      <VALUE>string</VALUE>
    </QUALIFIER>
    <VALUE></VALUE>
  </PROPERTY>
  <PROPERTY NAME="CustomHighImpactHeadline" CLASSORIGIN="SMS_TaskSequencePackage" TYPE="string">
    <QUALIFIER NAME="CIMTYPE" PROPAGATED="true" TYPE="string" TOINSTANCE="true">
      <VALUE>string</VALUE>
    </QUALIFIER>
    <VALUE></VALUE>
  </PROPERTY>
  <PROPERTY NAME="CustomHighImpactSet" CLASSORIGIN="SMS_TaskSequencePackage" TYPE="uint32">
    <QUALIFIER NAME="CIMTYPE" PROPAGATED="true" TYPE="string" TOINSTANCE="true">
      <VALUE>uint32</VALUE>
    </QUALIFIER>
    <VALUE>0</VALUE>
  </PROPERTY>
  <PROPERTY NAME="CustomHighImpactWarning" CLASSORIGIN="SMS_TaskSequencePackage" TYPE="string">
    <QUALIFIER NAME="CIMTYPE" PROPAGATED="true" TYPE="string" TOINSTANCE="true">
      <VALUE>string</VALUE>
    </QUALIFIER>
    <VALUE></VALUE>
  </PROPERTY>
  <PROPERTY NAME="CustomHighImpactWarningInstall" CLASSORIGIN="SMS_TaskSequencePackage" TYPE="string">
    <QUALIFIER NAME="CIMTYPE" PROPAGATED="true" TYPE="string" TOINSTANCE="true">
      <VALUE>string</VALUE>
    </QUALIFIER>
    <VALUE></VALUE>
  </PROPERTY>
  <PROPERTY NAME="CustomHighImpactWarningTop" CLASSORIGIN="SMS_TaskSequencePackage" TYPE="string">
    <QUALIFIER NAME="CIMTYPE" PROPAGATED="true" TYPE="string" TOINSTANCE="true">
      <VALUE>string</VALUE>
    </QUALIFIER>
    <VALUE></VALUE>
  </PROPERTY>
  <PROPERTY NAME="CustomProgressMsg" CLASSORIGIN="SMS_TaskSequencePackage" TYPE="string">
    <QUALIFIER NAME="CIMTYPE" PROPAGATED="true" TYPE="string" TOINSTANCE="true">
      <VALUE>string</VALUE>
    </QUALIFIER>
    <VALUE></VALUE>
  </PROPERTY>
  <PROPERTY NAME="DependentProgram" CLASSORIGIN="SMS_TaskSequencePackage" TYPE="string">
    <QUALIFIER NAME="CIMTYPE" PROPAGATED="true" TYPE="string" TOINSTANCE="true">
      <VALUE>string</VALUE>
    </QUALIFIER>
    <VALUE></VALUE>
  </PROPERTY>
  <PROPERTY NAME="Description" CLASSORIGIN="SMS_PackageBaseclass" TYPE="string">
    <QUALIFIER NAME="CIMTYPE" PROPAGATED="true" TYPE="string" TOINSTANCE="true">
      <VALUE>string</VALUE>
    </QUALIFIER>
    <VALUE>22.03.08.03</VALUE>
  </PROPERTY>
  <PROPERTY NAME="DriverManufacturer" CLASSORIGIN="SMS_PackageBaseclass" PROPAGATED="true" TYPE="string">
    <QUALIFIER NAME="CIMTYPE" PROPAGATED="true" TYPE="string" TOINSTANCE="true">
      <VALUE>string</VALUE>
    </QUALIFIER>
    <VALUE></VALUE>
  </PROPERTY>
  <PROPERTY NAME="DriverModel" CLASSORIGIN="SMS_PackageBaseclass" PROPAGATED="true" TYPE="string">
    <QUALIFIER NAME="CIMTYPE" PROPAGATED="true" TYPE="string" TOINSTANCE="true">
      <VALUE>string</VALUE>
    </QUALIFIER>
    <VALUE></VALUE>
  </PROPERTY>
  <PROPERTY NAME="DriverOSVersion" CLASSORIGIN="SMS_PackageBaseclass" PROPAGATED="true" TYPE="string">
    <QUALIFIER NAME="CIMTYPE" PROPAGATED="true" TYPE="string" TOINSTANCE="true">
      <VALUE>string</VALUE>
    </QUALIFIER>
    <VALUE></VALUE>
  </PROPERTY>
  <PROPERTY NAME="DriverPkgVersion" CLASSORIGIN="SMS_PackageBaseclass" PROPAGATED="true" TYPE="string">
    <QUALIFIER NAME="CIMTYPE" PROPAGATED="true" TYPE="string" TOINSTANCE="true">
      <VALUE>string</VALUE>
    </QUALIFIER>
    <VALUE></VALUE>
  </PROPERTY>
  <PROPERTY NAME="Duration" CLASSORIGIN="SMS_TaskSequencePackage" TYPE="uint32">
    <QUALIFIER NAME="CIMTYPE" PROPAGATED="true" TYPE="string" TOINSTANCE="true">
      <VALUE>uint32</VALUE>
    </QUALIFIER>
    <VALUE>360</VALUE>
  </PROPERTY>
  <PROPERTY NAME="EstimatedDownloadSizeMB" CLASSORIGIN="SMS_TaskSequencePackage" TYPE="uint32">
    <QUALIFIER NAME="CIMTYPE" PROPAGATED="true" TYPE="string" TOINSTANCE="true">
      <VALUE>uint32</VALUE>
    </QUALIFIER>
    <VALUE>0</VALUE>
  </PROPERTY>
  <PROPERTY NAME="EstimatedRunTimeMinutes" CLASSORIGIN="SMS_TaskSequencePackage" TYPE="uint32">
    <QUALIFIER NAME="CIMTYPE" PROPAGATED="true" TYPE="string" TOINSTANCE="true">
      <VALUE>uint32</VALUE>
    </QUALIFIER>
    <VALUE>0</VALUE>
  </PROPERTY>
  <PROPERTY.ARRAY NAME="ExtendedData" CLASSORIGIN="SMS_PackageBaseclass" TYPE="uint8">
    <QUALIFIER NAME="CIMTYPE" PROPAGATED="true" TYPE="string" TOINSTANCE="true">
      <VALUE>uint8</VALUE>
    </QUALIFIER>
  </PROPERTY.ARRAY>
  <PROPERTY NAME="ExtendedDataSize" CLASSORIGIN="SMS_PackageBaseclass" TYPE="uint32">
    <QUALIFIER NAME="CIMTYPE" PROPAGATED="true" TYPE="string" TOINSTANCE="true">
      <VALUE>uint32</VALUE>
    </QUALIFIER>
    <VALUE>0</VALUE>
  </PROPERTY>
  <PROPERTY NAME="ForcedDisconnectDelay" CLASSORIGIN="SMS_PackageBaseclass" TYPE="uint32">
    <QUALIFIER NAME="CIMTYPE" PROPAGATED="true" TYPE="string" TOINSTANCE="true">
      <VALUE>uint32</VALUE>
    </QUALIFIER>
    <VALUE>5</VALUE>
  </PROPERTY>
  <PROPERTY NAME="ForcedDisconnectEnabled" CLASSORIGIN="SMS_PackageBaseclass" TYPE="boolean">
    <QUALIFIER NAME="CIMTYPE" PROPAGATED="true" TYPE="string" TOINSTANCE="true">
      <VALUE>boolean</VALUE>
    </QUALIFIER>
    <VALUE>FALSE</VALUE>
  </PROPERTY>
  <PROPERTY NAME="ForcedDisconnectNumRetries" CLASSORIGIN="SMS_PackageBaseclass" TYPE="uint32">
    <QUALIFIER NAME="CIMTYPE" PROPAGATED="true" TYPE="string" TOINSTANCE="true">
      <VALUE>uint32</VALUE>
    </QUALIFIER>
    <VALUE>2</VALUE>
  </PROPERTY>
  <PROPERTY NAME="HighImpactTaskSequence" CLASSORIGIN="SMS_TaskSequencePackage" TYPE="uint32">
    <QUALIFIER NAME="CIMTYPE" PROPAGATED="true" TYPE="string" TOINSTANCE="true">
      <VALUE>uint32</VALUE>
    </QUALIFIER>
    <VALUE>0</VALUE>
  </PROPERTY>
  <PROPERTY.ARRAY NAME="Icon" CLASSORIGIN="SMS_PackageBaseclass" TYPE="uint8">
    <QUALIFIER NAME="CIMTYPE" PROPAGATED="true" TYPE="string" TOINSTANCE="true">
      <VALUE>uint8</VALUE>
    </QUALIFIER>
  </PROPERTY.ARRAY>
  <PROPERTY NAME="IconSize" CLASSORIGIN="SMS_PackageBaseclass" TYPE="uint32">
    <QUALIFIER NAME="CIMTYPE" PROPAGATED="true" TYPE="string" TOINSTANCE="true">
      <VALUE>uint32</VALUE>
    </QUALIFIER>
    <VALUE>0</VALUE>
  </PROPERTY>
  <PROPERTY NAME="IgnoreAddressSchedule" CLASSORIGIN="SMS_PackageBaseclass" TYPE="boolean">
    <QUALIFIER NAME="CIMTYPE" PROPAGATED="true" TYPE="string" TOINSTANCE="true">
      <VALUE>boolean</VALUE>
    </QUALIFIER>
    <VALUE>FALSE</VALUE>
  </PROPERTY>
  <PROPERTY.ARRAY NAME="ISVData" CLASSORIGIN="SMS_PackageBaseclass" TYPE="uint8">
    <QUALIFIER NAME="CIMTYPE" PROPAGATED="true" TYPE="string" TOINSTANCE="true">
      <VALUE>uint8</VALUE>
    </QUALIFIER>
  </PROPERTY.ARRAY>
  <PROPERTY NAME="ISVDataSize" CLASSORIGIN="SMS_PackageBaseclass" TYPE="uint32">
    <QUALIFIER NAME="CIMTYPE" PROPAGATED="true" TYPE="string" TOINSTANCE="true">
      <VALUE>uint32</VALUE>
    </QUALIFIER>
    <VALUE>0</VALUE>
  </PROPERTY>
  <PROPERTY NAME="IsVersionCompatible" CLASSORIGIN="SMS_PackageBaseclass" PROPAGATED="true" TYPE="boolean">
    <QUALIFIER NAME="CIMTYPE" PROPAGATED="true" TYPE="string" TOINSTANCE="true">
      <VALUE>boolean</VALUE>
    </QUALIFIER>
  </PROPERTY>
  <PROPERTY NAME="ISVString" CLASSORIGIN="SMS_PackageBaseclass" TYPE="string">
    <QUALIFIER NAME="CIMTYPE" PROPAGATED="true" TYPE="string" TOINSTANCE="true">
      <VALUE>string</VALUE>
    </QUALIFIER>
    <VALUE></VALUE>
  </PROPERTY>
  <PROPERTY NAME="Language" CLASSORIGIN="SMS_PackageBaseclass" TYPE="string">
    <QUALIFIER NAME="CIMTYPE" PROPAGATED="true" TYPE="string" TOINSTANCE="true">
      <VALUE>string</VALUE>
    </QUALIFIER>
    <VALUE></VALUE>
  </PROPERTY>
  <PROPERTY NAME="LastRefreshTime" CLASSORIGIN="SMS_PackageBaseclass" TYPE="datetime">
    <QUALIFIER NAME="CIMTYPE" PROPAGATED="true" TYPE="string" TOINSTANCE="true">
      <VALUE>datetime</VALUE>
    </QUALIFIER>
    <VALUE>20220316040514.000000+000</VALUE>
  </PROPERTY>
  <PROPERTY.ARRAY NAME="LocalizedCategoryInstanceNames" CLASSORIGIN="SMS_PackageBaseclass" PROPAGATED="true" TYPE="string">
    <QUALIFIER NAME="CIMTYPE" PROPAGATED="true" TYPE="string" TOINSTANCE="true">
      <VALUE>string</VALUE>
    </QUALIFIER>
  </PROPERTY.ARRAY>
  <PROPERTY NAME="LocalizedTaskSequenceDescription" CLASSORIGIN="SMS_TaskSequencePackage" TYPE="string">
    <QUALIFIER NAME="CIMTYPE" PROPAGATED="true" TYPE="string" TOINSTANCE="true">
      <VALUE>string</VALUE>
    </QUALIFIER>
    <VALUE></VALUE>
  </PROPERTY>
  <PROPERTY NAME="LocalizedTaskSequenceName" CLASSORIGIN="SMS_TaskSequencePackage" TYPE="string">
    <QUALIFIER NAME="CIMTYPE" PROPAGATED="true" TYPE="string" TOINSTANCE="true">
      <VALUE>string</VALUE>
    </QUALIFIER>
    <VALUE></VALUE>
  </PROPERTY>
  <PROPERTY NAME="Manufacturer" CLASSORIGIN="SMS_PackageBaseclass" TYPE="string">
    <QUALIFIER NAME="CIMTYPE" PROPAGATED="true" TYPE="string" TOINSTANCE="true">
      <VALUE>string</VALUE>
    </QUALIFIER>
    <VALUE></VALUE>
  </PROPERTY>
  <PROPERTY NAME="MIFFilename" CLASSORIGIN="SMS_PackageBaseclass" TYPE="string">
    <QUALIFIER NAME="CIMTYPE" PROPAGATED="true" TYPE="string" TOINSTANCE="true">
      <VALUE>string</VALUE>
    </QUALIFIER>
    <VALUE></VALUE>
  </PROPERTY>
  <PROPERTY NAME="MIFName" CLASSORIGIN="SMS_PackageBaseclass" TYPE="string">
    <QUALIFIER NAME="CIMTYPE" PROPAGATED="true" TYPE="string" TOINSTANCE="true">
      <VALUE>string</VALUE>
    </QUALIFIER>
    <VALUE></VALUE>
  </PROPERTY>
  <PROPERTY NAME="MIFPublisher" CLASSORIGIN="SMS_PackageBaseclass" TYPE="string">
    <QUALIFIER NAME="CIMTYPE" PROPAGATED="true" TYPE="string" TOINSTANCE="true">
      <VALUE>string</VALUE>
    </QUALIFIER>
    <VALUE></VALUE>
  </PROPERTY>
  <PROPERTY NAME="MIFVersion" CLASSORIGIN="SMS_PackageBaseclass" TYPE="string">
    <QUALIFIER NAME="CIMTYPE" PROPAGATED="true" TYPE="string" TOINSTANCE="true">
      <VALUE>string</VALUE>
    </QUALIFIER>
    <VALUE></VALUE>
  </PROPERTY>
  <PROPERTY NAME="Name" CLASSORIGIN="SMS_PackageBaseclass" TYPE="string">
    <QUALIFIER NAME="CIMTYPE" PROPAGATED="true" TYPE="string" TOINSTANCE="true">
      <VALUE>string</VALUE>
    </QUALIFIER>
    <VALUE>OSD Cloud - Domain Join</VALUE>
  </PROPERTY>
  <PROPERTY NAME="NumOfPrograms" CLASSORIGIN="SMS_PackageBaseclass" PROPAGATED="true" TYPE="uint32">
    <QUALIFIER NAME="CIMTYPE" PROPAGATED="true" TYPE="string" TOINSTANCE="true">
      <VALUE>uint32</VALUE>
    </QUALIFIER>
  </PROPERTY>
  <PROPERTY NAME="ObjectPath" CLASSORIGIN="SMS_PackageBaseclass" TYPE="string">
    <QUALIFIER NAME="CIMTYPE" PROPAGATED="true" TYPE="string" TOINSTANCE="true">
      <VALUE>string</VALUE>
    </QUALIFIER>
  </PROPERTY>
  <PROPERTY NAME="PackageID" CLASSORIGIN="SMS_PackageBaseclass" TYPE="string">
    <QUALIFIER NAME="CIMTYPE" PROPAGATED="true" TYPE="string" TOINSTANCE="true">
      <VALUE>string</VALUE>
    </QUALIFIER>
    <QUALIFIER NAME="key" PROPAGATED="true" TYPE="boolean" OVERRIDABLE="false" TOINSTANCE="true">
      <VALUE>TRUE</VALUE>
    </QUALIFIER>
    <VALUE>MEM000F8</VALUE>
  </PROPERTY>
  <PROPERTY NAME="PackageSize" CLASSORIGIN="SMS_PackageBaseclass" PROPAGATED="true" TYPE="uint32">
    <QUALIFIER NAME="CIMTYPE" PROPAGATED="true" TYPE="string" TOINSTANCE="true">
      <VALUE>uint32</VALUE>
    </QUALIFIER>
  </PROPERTY>
  <PROPERTY NAME="PackageType" CLASSORIGIN="SMS_PackageBaseclass" TYPE="uint32">
    <QUALIFIER NAME="CIMTYPE" PROPAGATED="true" TYPE="string" TOINSTANCE="true">
      <VALUE>uint32</VALUE>
    </QUALIFIER>
    <VALUE>4</VALUE>
  </PROPERTY>
  <PROPERTY NAME="PkgFlags" CLASSORIGIN="SMS_PackageBaseclass" TYPE="uint32">
    <QUALIFIER NAME="CIMTYPE" PROPAGATED="true" TYPE="string" TOINSTANCE="true">
      <VALUE>uint32</VALUE>
    </QUALIFIER>
    <VALUE>0</VALUE>
  </PROPERTY>
  <PROPERTY NAME="PkgSourceFlag" CLASSORIGIN="SMS_PackageBaseclass" TYPE="uint32">
    <QUALIFIER NAME="CIMTYPE" PROPAGATED="true" TYPE="string" TOINSTANCE="true">
      <VALUE>uint32</VALUE>
    </QUALIFIER>
    <VALUE>1</VALUE>
  </PROPERTY>
  <PROPERTY NAME="PkgSourcePath" CLASSORIGIN="SMS_PackageBaseclass" PROPAGATED="true" TYPE="string">
    <QUALIFIER NAME="CIMTYPE" PROPAGATED="true" TYPE="string" TOINSTANCE="true">
      <VALUE>string</VALUE>
    </QUALIFIER>
    <VALUE></VALUE>
  </PROPERTY>
  <PROPERTY NAME="PreDownloadRule" CLASSORIGIN="SMS_PackageBaseclass" TYPE="string">
    <QUALIFIER NAME="CIMTYPE" PROPAGATED="true" TYPE="string" TOINSTANCE="true">
      <VALUE>string</VALUE>
    </QUALIFIER>
    <VALUE></VALUE>
  </PROPERTY>
  <PROPERTY NAME="PreferredAddressType" CLASSORIGIN="SMS_PackageBaseclass" TYPE="string">
    <QUALIFIER NAME="CIMTYPE" PROPAGATED="true" TYPE="string" TOINSTANCE="true">
      <VALUE>string</VALUE>
    </QUALIFIER>
    <VALUE></VALUE>
  </PROPERTY>
  <PROPERTY NAME="Priority" CLASSORIGIN="SMS_PackageBaseclass" TYPE="uint32">
    <QUALIFIER NAME="CIMTYPE" PROPAGATED="true" TYPE="string" TOINSTANCE="true">
      <VALUE>uint32</VALUE>
    </QUALIFIER>
    <VALUE>2</VALUE>
  </PROPERTY>
  <PROPERTY NAME="ProgramFlags" CLASSORIGIN="SMS_TaskSequencePackage" TYPE="uint32">
    <QUALIFIER NAME="CIMTYPE" PROPAGATED="true" TYPE="string" TOINSTANCE="true">
      <VALUE>uint32</VALUE>
    </QUALIFIER>
    <VALUE>152084496</VALUE>
  </PROPERTY>
  <PROPERTY.OBJECTARRAY NAME="References" CLASSORIGIN="SMS_TaskSequencePackage" REFERENCECLASS="SMS_TaskSequence_Reference">
    <QUALIFIER NAME="CIMTYPE" PROPAGATED="true" TYPE="string" TOINSTANCE="true">
      <VALUE>object:SMS_TaskSequence_Reference</VALUE>
    </QUALIFIER>
    <VALUE.OBJECTARRAY>
      <VALUE.OBJECT>
        <INSTANCE CLASSNAME="SMS_TaskSequence_Reference">
          <PROPERTY NAME="__PATH" CLASSORIGIN="___SYSTEM" TYPE="string"></PROPERTY>
          <PROPERTY NAME="__NAMESPACE" CLASSORIGIN="___SYSTEM" TYPE="string"></PROPERTY>
          <PROPERTY NAME="__SERVER" CLASSORIGIN="___SYSTEM" TYPE="string"></PROPERTY>
          <PROPERTY.ARRAY NAME="__DERIVATION" CLASSORIGIN="___SYSTEM" TYPE="string">
            <VALUE.ARRAY></VALUE.ARRAY>
          </PROPERTY.ARRAY>
          <PROPERTY NAME="__PROPERTY_COUNT" CLASSORIGIN="___SYSTEM" TYPE="sint32">
            <VALUE>3</VALUE>
          </PROPERTY>
          <PROPERTY NAME="__RELPATH" CLASSORIGIN="___SYSTEM" TYPE="string"></PROPERTY>
          <PROPERTY NAME="__DYNASTY" CLASSORIGIN="___SYSTEM" TYPE="string">
            <VALUE>SMS_TaskSequence_Reference</VALUE>
          </PROPERTY>
          <PROPERTY NAME="__SUPERCLASS" CLASSORIGIN="___SYSTEM" TYPE="string"></PROPERTY>
          <PROPERTY NAME="__CLASS" CLASSORIGIN="___SYSTEM" TYPE="string">
            <VALUE>SMS_TaskSequence_Reference</VALUE>
          </PROPERTY>
          <PROPERTY NAME="__GENUS" CLASSORIGIN="___SYSTEM" TYPE="sint32">
            <VALUE>2</VALUE>
          </PROPERTY>
          <PROPERTY NAME="Package" CLASSORIGIN="SMS_TaskSequence_Reference" TYPE="string">
            <QUALIFIER NAME="CIMTYPE" PROPAGATED="true" TYPE="string" TOINSTANCE="true">
              <VALUE>string</VALUE>
            </QUALIFIER>
            <VALUE>MEM00003</VALUE>
          </PROPERTY>
          <PROPERTY NAME="Program" CLASSORIGIN="SMS_TaskSequence_Reference" TYPE="string">
            <QUALIFIER NAME="CIMTYPE" PROPAGATED="true" TYPE="string" TOINSTANCE="true">
              <VALUE>string</VALUE>
            </QUALIFIER>
            <VALUE>*</VALUE>
          </PROPERTY>
          <PROPERTY NAME="Type" CLASSORIGIN="SMS_TaskSequence_Reference" TYPE="uint32">
            <QUALIFIER NAME="CIMTYPE" PROPAGATED="true" TYPE="string" TOINSTANCE="true">
              <VALUE>uint32</VALUE>
            </QUALIFIER>
            <VALUE>0</VALUE>
          </PROPERTY>
        </INSTANCE>
      </VALUE.OBJECT>
      <VALUE.OBJECT>
        <INSTANCE CLASSNAME="SMS_TaskSequence_Reference">
          <PROPERTY NAME="__PATH" CLASSORIGIN="___SYSTEM" TYPE="string"></PROPERTY>
          <PROPERTY NAME="__NAMESPACE" CLASSORIGIN="___SYSTEM" TYPE="string"></PROPERTY>
          <PROPERTY NAME="__SERVER" CLASSORIGIN="___SYSTEM" TYPE="string"></PROPERTY>
          <PROPERTY.ARRAY NAME="__DERIVATION" CLASSORIGIN="___SYSTEM" TYPE="string">
            <VALUE.ARRAY></VALUE.ARRAY>
          </PROPERTY.ARRAY>
          <PROPERTY NAME="__PROPERTY_COUNT" CLASSORIGIN="___SYSTEM" TYPE="sint32">
            <VALUE>3</VALUE>
          </PROPERTY>
          <PROPERTY NAME="__RELPATH" CLASSORIGIN="___SYSTEM" TYPE="string"></PROPERTY>
          <PROPERTY NAME="__DYNASTY" CLASSORIGIN="___SYSTEM" TYPE="string">
            <VALUE>SMS_TaskSequence_Reference</VALUE>
          </PROPERTY>
          <PROPERTY NAME="__SUPERCLASS" CLASSORIGIN="___SYSTEM" TYPE="string"></PROPERTY>
          <PROPERTY NAME="__CLASS" CLASSORIGIN="___SYSTEM" TYPE="string">
            <VALUE>SMS_TaskSequence_Reference</VALUE>
          </PROPERTY>
          <PROPERTY NAME="__GENUS" CLASSORIGIN="___SYSTEM" TYPE="sint32">
            <VALUE>2</VALUE>
          </PROPERTY>
          <PROPERTY NAME="Package" CLASSORIGIN="SMS_TaskSequence_Reference" TYPE="string">
            <QUALIFIER NAME="CIMTYPE" PROPAGATED="true" TYPE="string" TOINSTANCE="true">
              <VALUE>string</VALUE>
            </QUALIFIER>
            <VALUE>MEM00004</VALUE>
          </PROPERTY>
          <PROPERTY NAME="Program" CLASSORIGIN="SMS_TaskSequence_Reference" TYPE="string">
            <QUALIFIER NAME="CIMTYPE" PROPAGATED="true" TYPE="string" TOINSTANCE="true">
              <VALUE>string</VALUE>
            </QUALIFIER>
            <VALUE>*</VALUE>
          </PROPERTY>
          <PROPERTY NAME="Type" CLASSORIGIN="SMS_TaskSequence_Reference" TYPE="uint32">
            <QUALIFIER NAME="CIMTYPE" PROPAGATED="true" TYPE="string" TOINSTANCE="true">
              <VALUE>uint32</VALUE>
            </QUALIFIER>
            <VALUE>0</VALUE>
          </PROPERTY>
        </INSTANCE>
      </VALUE.OBJECT>
    </VALUE.OBJECTARRAY>
  </PROPERTY.OBJECTARRAY>
  <PROPERTY NAME="ReferencesCount" CLASSORIGIN="SMS_TaskSequencePackage" TYPE="uint32">
    <QUALIFIER NAME="CIMTYPE" PROPAGATED="true" TYPE="string" TOINSTANCE="true">
      <VALUE>uint32</VALUE>
    </QUALIFIER>
    <VALUE>0</VALUE>
  </PROPERTY>
  <PROPERTY NAME="RefreshPkgSourceFlag" CLASSORIGIN="SMS_PackageBaseclass" TYPE="boolean">
    <QUALIFIER NAME="CIMTYPE" PROPAGATED="true" TYPE="string" TOINSTANCE="true">
      <VALUE>boolean</VALUE>
    </QUALIFIER>
    <VALUE>FALSE</VALUE>
  </PROPERTY>
  <PROPERTY.OBJECTARRAY NAME="RefreshSchedule" CLASSORIGIN="SMS_PackageBaseclass" REFERENCECLASS="SMS_ScheduleToken">
    <QUALIFIER NAME="CIMTYPE" PROPAGATED="true" TYPE="string" TOINSTANCE="true">
      <VALUE>object:SMS_ScheduleToken</VALUE>
    </QUALIFIER>
  </PROPERTY.OBJECTARRAY>
  <PROPERTY NAME="Reserved" CLASSORIGIN="SMS_TaskSequencePackage" TYPE="string">
    <QUALIFIER NAME="CIMTYPE" PROPAGATED="true" TYPE="string" TOINSTANCE="true">
      <VALUE>string</VALUE>
    </QUALIFIER>
  </PROPERTY>
  <PROPERTY NAME="RestartRequired" CLASSORIGIN="SMS_TaskSequencePackage" TYPE="uint32">
    <QUALIFIER NAME="CIMTYPE" PROPAGATED="true" TYPE="string" TOINSTANCE="true">
      <VALUE>uint32</VALUE>
    </QUALIFIER>
    <VALUE>0</VALUE>
  </PROPERTY>
  <PROPERTY.ARRAY NAME="SecuredScopeNames" CLASSORIGIN="SMS_PackageBaseclass" TYPE="string">
    <QUALIFIER NAME="CIMTYPE" PROPAGATED="true" TYPE="string" TOINSTANCE="true">
      <VALUE>string</VALUE>
    </QUALIFIER>
    <VALUE.ARRAY>
      <VALUE>Default</VALUE>
    </VALUE.ARRAY>
  </PROPERTY.ARRAY>
  <PROPERTY NAME="SedoObjectVersion" CLASSORIGIN="SMS_PackageBaseclass" TYPE="string">
    <QUALIFIER NAME="CIMTYPE" PROPAGATED="true" TYPE="string" TOINSTANCE="true">
      <VALUE>string</VALUE>
    </QUALIFIER>
    <VALUE>BCAB860A-DDAA-46E6-B21D-CDCA51921119</VALUE>
  </PROPERTY>
  <PROPERTY NAME="Sequence" CLASSORIGIN="SMS_TaskSequencePackage" TYPE="string">
    <QUALIFIER NAME="CIMTYPE" PROPAGATED="true" TYPE="string" TOINSTANCE="true">
      <VALUE>string</VALUE>
    </QUALIFIER>
    <VALUE><![CDATA[<sequence version="3.10"><referenceList><reference package="MEM00004"/></referenceList><globalVarList><variable name="OSDEnableTCPIPFiltering" property="EnableTCPIPFiltering">false</variable><variable name="OSDAdapterCount" property="NumAdapters">0</variable></globalVarList><step type="SMS_TaskSequence_SetDynamicVariablesAction" name="Set Dynamic Vars" description="Error Timeout = 1 week | Restart = 3 seconds | Post Action Reboot" runIn="WinPEandFullOS" successCodeList="0" retryCount="0" runFromNet="false"><action>OSDSetDynamicVariables.exe</action><defaultVarList><variable name="OSDSetDynamicVariablesRules" property="Rules">&lt;Rules&gt;&lt;Rule&gt;&lt;Variables&gt;&lt;Variable Name="SMSTSERRORDIALOGTIMEOUT" IsSecret="false"&gt;604800&lt;/Variable&gt;&lt;/Variables&gt;&lt;/Rule&gt;&lt;Rule&gt;&lt;Variables&gt;&lt;Variable Name="OSBuild" IsSecret="false"&gt;21H2&lt;/Variable&gt;&lt;/Variables&gt;&lt;/Rule&gt;&lt;Rule&gt;&lt;Variables&gt;&lt;Variable Name="OSEdition" IsSecret="false"&gt;Enterprise&lt;/Variable&gt;&lt;/Variables&gt;&lt;/Rule&gt;&lt;Rule&gt;&lt;Variables&gt;&lt;Variable Name="SMSTSPostAction" IsSecret="false"&gt;cmd.exe /c gpupdate /sync /boot &amp;amp; cmd.exe /c timeout 30 &amp;amp; cmd.exe /c shutdown /r /t 60&lt;/Variable&gt;&lt;/Variables&gt;&lt;/Rule&gt;&lt;Rule&gt;&lt;Variables&gt;&lt;Variable Name="OSVersion" IsSecret="false"&gt;'Windows 11'&lt;/Variable&gt;&lt;/Variables&gt;&lt;/Rule&gt;&lt;Rule&gt;&lt;Variables&gt;&lt;Variable Name="CompanyName" IsSecret="false"&gt;RecastSoftwareIT&lt;/Variable&gt;&lt;/Variables&gt;&lt;/Rule&gt;&lt;/Rules&gt;
</variable></defaultVarList></step><step type="SMS_TaskSequence_RunCommandLineAction" name="Gather Variables" description="" runIn="WinPEandFullOS" successCodeList="0 3010" retryCount="0" runFromNet="false"><action>smsswd.exe /run: powershell.exe -executionpolicy bypass -command "Invoke-Expression (Invoke-RestMethod 'https://raw.githubusercontent.com/gwblok/garytown/master/OSD/CloudOSD/gather.ps1')"</action><defaultVarList><variable name="CommandLine" property="CommandLine" hidden="true">powershell.exe -executionpolicy bypass -command "Invoke-Expression (Invoke-RestMethod 'https://raw.githubusercontent.com/gwblok/garytown/master/OSD/CloudOSD/gather.ps1')"</variable><variable name="SMSTSDisableWow64Redirection" property="DisableWow64Redirection">false</variable><variable name="SMSTSRunCommandLineOutputVariableName" property="OutputVariableName"></variable><variable name="_SMSTSRunCommandLineAsUser" property="RunAsUser">false</variable><variable name="SuccessCodes" property="SuccessCodes" hidden="true">0 3010</variable></defaultVarList></step><step type="SMS_TaskSequence_RunCommandLineAction" name="Set OSDComputerName" description="" runIn="WinPEandFullOS" successCodeList="0 3010" retryCount="0" runFromNet="false"><condition><expression type="SMS_TaskSequence_VariableConditionExpression"><variable name="Operator">notEquals</variable><variable name="Value">TRUE</variable><variable name="Variable">IsVM</variable></expression></condition><action>smsswd.exe /run: powershell.exe -executionpolicy bypass -command "Invoke-Expression (Invoke-RestMethod 'https://raw.githubusercontent.com/gwblok/garytown/master/OSD/CloudOSD/CreateOSDComputerName.ps1')"</action><defaultVarList><variable name="CommandLine" property="CommandLine" hidden="true">powershell.exe -executionpolicy bypass -command "Invoke-Expression (Invoke-RestMethod 'https://raw.githubusercontent.com/gwblok/garytown/master/OSD/CloudOSD/CreateOSDComputerName.ps1')"</variable><variable name="SMSTSDisableWow64Redirection" property="DisableWow64Redirection">false</variable><variable name="SMSTSRunCommandLineOutputVariableName" property="OutputVariableName"></variable><variable name="_SMSTSRunCommandLineAsUser" property="RunAsUser">false</variable><variable name="SuccessCodes" property="SuccessCodes" hidden="true">0 3010</variable></defaultVarList></step><step type="SMS_TaskSequence_RunCommandLineAction" name="Eject CD" description="Used to eject the Boot ISO on VMs... not needed if PXE booting." continueOnError="true" runIn="WinPEandFullOS" successCodeList="0 3010" retryCount="0" runFromNet="false"><condition><expression type="SMS_TaskSequence_VariableConditionExpression"><variable name="Operator">equals</variable><variable name="Value">TRUE</variable><variable name="Variable">IsVM</variable></expression></condition><action>smsswd.exe /run: powershell.exe -NoProfile -Command "(New-Object -ComObject 'Shell.Application').Namespace(17).Items() | Where-Object { $_.Type -eq 'CD Drive' } | foreach { $_.InvokeVerb('Eject') }"</action><defaultVarList><variable name="CommandLine" property="CommandLine" hidden="true">powershell.exe -NoProfile -Command "(New-Object -ComObject 'Shell.Application').Namespace(17).Items() | Where-Object { $_.Type -eq 'CD Drive' } | foreach { $_.InvokeVerb('Eject') }"</variable><variable name="SMSTSDisableWow64Redirection" property="DisableWow64Redirection">false</variable><variable name="SMSTSRunCommandLineOutputVariableName" property="OutputVariableName"></variable><variable name="_SMSTSRunCommandLineAsUser" property="RunAsUser">false</variable><variable name="SuccessCodes" property="SuccessCodes" hidden="true">0 3010</variable></defaultVarList></step><group name="OS Install &amp; Domain Join" description=""><group name="OSDCloud" description=""><step type="SMS_TaskSequence_RunCommandLineAction" name="sandbox.osdcloud.com" description="https://www.osdcloud.com/sandbox" runIn="WinPEandFullOS" successCodeList="0 3010" retryCount="0" runFromNet="false"><action>smsswd.exe /run: powershell.exe -executionpolicy bypass -command "Invoke-Expression (Invoke-RestMethod 'sandbox.osdcloud.com')"</action><defaultVarList><variable name="CommandLine" property="CommandLine" hidden="true">powershell.exe -executionpolicy bypass -command "Invoke-Expression (Invoke-RestMethod 'sandbox.osdcloud.com')"</variable><variable name="SMSTSDisableWow64Redirection" property="DisableWow64Redirection">false</variable><variable name="SMSTSRunCommandLineOutputVariableName" property="OutputVariableName"></variable><variable name="_SMSTSRunCommandLineAsUser" property="RunAsUser">false</variable><variable name="SuccessCodes" property="SuccessCodes" hidden="true">0 3010</variable></defaultVarList></step><step type="SMS_TaskSequence_RunCommandLineAction" name="OSDCloud" description="https://www.osdcloud.com/ - Closes Progress UI and launches OSDCloud with Zero Touch leveraging the Variables in the first Vars Step" runIn="WinPEandFullOS" successCodeList="0 3010" retryCount="0" runFromNet="false"><action>smsswd.exe /run: cmd.exe /c start /wait %SYSTEMROOT%\System32\WindowsPowershell\v1.0\powershell.exe -ep bypass -command (new-object -ComObject Microsoft.SMS.TsProgressUI).CloseProgressDialog() ; Start-OSDCloud -ZTI -OSBuild %OSBuild% -OSEdition %OSEdition% -OSVersion %OSVersion%</action><defaultVarList><variable name="CommandLine" property="CommandLine" hidden="true">cmd.exe /c start /wait %SYSTEMROOT%\System32\WindowsPowershell\v1.0\powershell.exe -ep bypass -command (new-object -ComObject Microsoft.SMS.TsProgressUI).CloseProgressDialog() ; Start-OSDCloud -ZTI -OSBuild %OSBuild% -OSEdition %OSEdition% -OSVersion %OSVersion%</variable><variable name="SMSTSDisableWow64Redirection" property="DisableWow64Redirection">false</variable><variable name="SMSTSRunCommandLineOutputVariableName" property="OutputVariableName"></variable><variable name="_SMSTSRunCommandLineAsUser" property="RunAsUser">false</variable><variable name="SuccessCodes" property="SuccessCodes" hidden="true">0 3010</variable></defaultVarList></step></group><step type="SMS_TaskSequence_SetVariableAction" name="Enable TSDebugMode" description="" runIn="WinPEandFullOS" successCodeList="0" retryCount="0" runFromNet="false"><action>tsenv.exe "TSDebugMode=TRUE" /hiddenflag:False</action><defaultVarList><variable name="DoNotShowVariableValue" property="DoNotShowVariableValue" hidden="true">false</variable><variable name="VariableName" property="VariableName" hidden="true">TSDebugMode</variable><variable name="VariableValue" property="VariableValue" hidden="true">TRUE</variable></defaultVarList></step><group name="Windows Settings" description=""><step type="SMS_TaskSequence_RunCommandLineAction" name="Populate Default unattend.xml File" description="Sets Required TSVars needed for an OSD TS, and Creates base Unattend XML needed by CM OSD &amp; OSDCloud functions.a" runIn="WinPEandFullOS" successCodeList="0 3010" retryCount="0" runFromNet="false"><action>smsswd.exe /run: powershell.exe -executionpolicy bypass -command "Invoke-Expression (Invoke-RestMethod 'https://raw.githubusercontent.com/gwblok/garytown/master/OSD/CloudOSD/CreateCloudOSDUnattendXML.ps1')"</action><defaultVarList><variable name="CommandLine" property="CommandLine" hidden="true">powershell.exe -executionpolicy bypass -command "Invoke-Expression (Invoke-RestMethod 'https://raw.githubusercontent.com/gwblok/garytown/master/OSD/CloudOSD/CreateCloudOSDUnattendXML.ps1')"</variable><variable name="SMSTSDisableWow64Redirection" property="DisableWow64Redirection">false</variable><variable name="SMSTSRunCommandLineOutputVariableName" property="OutputVariableName"></variable><variable name="_SMSTSRunCommandLineAsUser" property="RunAsUser">false</variable><variable name="SuccessCodes" property="SuccessCodes" hidden="true">0 3010</variable></defaultVarList></step><step type="SMS_TaskSequence_ApplyWindowsSettingsAction" name="Apply Windows Settings" description="Actions to apply Windows settings" continueOnError="true" runIn="WinPE" successCodeList="0" retryCount="0" runFromNet="false"><action>osdwinsettings.exe /config</action><defaultVarList><variable name="OSDLocalAdminPassword" property="AdminPassword"></variable><variable name="OSDComputerName" property="ComputerName">%_SMSTSMachineName%</variable><variable name="OSDWindowsSettingsInputLocale" property="InputLocale"></variable><variable name="OSDProductKey" property="ProductKey"></variable><variable name="OSDRandomAdminPassword" property="RandomAdminPassword">false</variable><variable name="OSDRegisteredOrgName" property="RegisteredOrgName">MEMCM</variable><variable name="OSDRegisteredUserName" property="RegisteredUserName">Recast Lab User</variable><variable name="OSDServerLicenseConnectionLimit" property="ServerLicenseConnectionLimit">5</variable><variable name="OSDWindowsSettingsSystemLocale" property="SystemLocale"></variable><variable name="OSDTimeZone" property="TimeZone">Central Standard Time</variable><variable name="OSDWindowsSettingsUILanguage" property="UILanguage"></variable><variable name="OSDWindowsSettingsUILanguageFallback" property="UILanguageFallback"></variable><variable name="OSDWindowsSettingsUserLocale" property="UserLocale"></variable></defaultVarList></step><step type="SMS_TaskSequence_ApplyNetworkSettingsAction" name="Apply Network Settings" description="Actions to configure network settings" continueOnError="true" runIn="WinPE" successCodeList="0" retryCount="0" runFromNet="false"><action>osdnetsettings.exe configure</action><defaultVarList><variable name="OSDDomainName" property="DomainName">dev.recastsoftware.dev</variable><variable name="OSDDomainOUName" property="DomainOUName">LDAP://OU=Workstations,OU=DEV,DC=dev,DC=recastsoftware,DC=dev</variable><variable name="OSDJoinPassword" property="DomainPassword"></variable><variable name="OSDJoinAccount" property="DomainUsername">DEV\CM_DJ</variable><variable name="OSDEnableTCPIPFiltering" property="EnableTCPIPFiltering" hidden="true">false</variable><variable name="OSDNetworkJoinType" property="NetworkJoinType">0</variable><variable name="OSDAdapterCount" property="NumAdapters" hidden="true">0</variable></defaultVarList></step><group name="Offline Customizations" description=""><step type="SMS_TaskSequence_RunCommandLineAction" name="EnableCursorSuppression 0" description="Allows use of the Mouse during OSD in the Full OS" continueOnError="true" runIn="WinPEandFullOS" successCodeList="0 3010" retryCount="0" runFromNet="false"><action>smsswd.exe /run: cmd.exe /c reg load HKLM\Offline c:\windows\system32\config\software &amp; cmd.exe /c REG ADD "HKLM\Offline\Microsoft\Windows\CurrentVersion\Policies\System" /v EnableCursorSuppression /t REG_DWORD /d 0 /f &amp; cmd.exe /c reg unload HKLM\Offline</action><defaultVarList><variable name="CommandLine" property="CommandLine" hidden="true">cmd.exe /c reg load HKLM\Offline c:\windows\system32\config\software &amp; cmd.exe /c REG ADD "HKLM\Offline\Microsoft\Windows\CurrentVersion\Policies\System" /v EnableCursorSuppression /t REG_DWORD /d 0 /f &amp; cmd.exe /c reg unload HKLM\Offline</variable><variable name="SMSTSDisableWow64Redirection" property="DisableWow64Redirection">false</variable><variable name="SMSTSRunCommandLineOutputVariableName" property="OutputVariableName"></variable><variable name="_SMSTSRunCommandLineAsUser" property="RunAsUser">false</variable><variable name="SuccessCodes" property="SuccessCodes" hidden="true">0 3010</variable></defaultVarList></step><step type="SMS_TaskSequence_RunCommandLineAction" name="Set WallPaper" description="" runIn="WinPEandFullOS" successCodeList="0 3010" retryCount="0" runFromNet="false"><action>smsswd.exe /run: powershell.exe -executionpolicy bypass -command "Invoke-Expression (Invoke-RestMethod 'https://raw.githubusercontent.com/gwblok/garytown/master/OSD/CloudOSD/Set-WallPaper.ps1')"</action><defaultVarList><variable name="CommandLine" property="CommandLine" hidden="true">powershell.exe -executionpolicy bypass -command "Invoke-Expression (Invoke-RestMethod 'https://raw.githubusercontent.com/gwblok/garytown/master/OSD/CloudOSD/Set-WallPaper.ps1')"</variable><variable name="SMSTSDisableWow64Redirection" property="DisableWow64Redirection">false</variable><variable name="SMSTSRunCommandLineOutputVariableName" property="OutputVariableName"></variable><variable name="_SMSTSRunCommandLineAsUser" property="RunAsUser">false</variable><variable name="SuccessCodes" property="SuccessCodes" hidden="true">0 3010</variable></defaultVarList></step><step type="SMS_TaskSequence_RunCommandLineAction" name="Set LockScreen" description="" runIn="WinPEandFullOS" successCodeList="0 3010" retryCount="0" runFromNet="false"><action>smsswd.exe /run: powershell.exe -executionpolicy bypass -command "Invoke-Expression (Invoke-RestMethod 'https://raw.githubusercontent.com/gwblok/garytown/master/OSD/CloudOSD/Set-LockScreen.ps1')"</action><defaultVarList><variable name="CommandLine" property="CommandLine" hidden="true">powershell.exe -executionpolicy bypass -command "Invoke-Expression (Invoke-RestMethod 'https://raw.githubusercontent.com/gwblok/garytown/master/OSD/CloudOSD/Set-LockScreen.ps1')"</variable><variable name="SMSTSDisableWow64Redirection" property="DisableWow64Redirection">false</variable><variable name="SMSTSRunCommandLineOutputVariableName" property="OutputVariableName"></variable><variable name="_SMSTSRunCommandLineAsUser" property="RunAsUser">false</variable><variable name="SuccessCodes" property="SuccessCodes" hidden="true">0 3010</variable></defaultVarList></step><step type="SMS_TaskSequence_RunCommandLineAction" name="Remove Windows Apps &amp; Features - Offline" description="" continueOnError="true" runIn="WinPEandFullOS" successCodeList="0 3010" retryCount="0" runFromNet="false"><action>smsswd.exe /run: powershell.exe -executionpolicy bypass -command "Invoke-Expression (Invoke-RestMethod 'https://raw.githubusercontent.com/gwblok/garytown/master/OSD/CloudOSD/Remove-NonCorporateApps.ps1')"</action><defaultVarList><variable name="CommandLine" property="CommandLine" hidden="true">powershell.exe -executionpolicy bypass -command "Invoke-Expression (Invoke-RestMethod 'https://raw.githubusercontent.com/gwblok/garytown/master/OSD/CloudOSD/Remove-NonCorporateApps.ps1')"</variable><variable name="SMSTSDisableWow64Redirection" property="DisableWow64Redirection">false</variable><variable name="SMSTSRunCommandLineOutputVariableName" property="OutputVariableName"></variable><variable name="_SMSTSRunCommandLineAsUser" property="RunAsUser">false</variable><variable name="SuccessCodes" property="SuccessCodes" hidden="true">0 3010</variable></defaultVarList></step></group><step type="SMS_TaskSequence_SetDynamicVariablesAction" name="Disable TSDebugMode" description="" runIn="WinPEandFullOS" successCodeList="0" retryCount="0" runFromNet="false"><condition><operator type="and"><expression type="SMS_TaskSequence_VariableConditionExpression"><variable name="Operator">equals</variable><variable name="Value">TRUE</variable><variable name="Variable">TSDebugMode</variable></expression></operator></condition><action>OSDSetDynamicVariables.exe</action><defaultVarList><variable name="OSDSetDynamicVariablesRules" property="Rules">&lt;Rules&gt;&lt;Rule&gt;&lt;Variables&gt;&lt;Variable Name="TSDebugModeResume" IsSecret="false"&gt;TRUE&lt;/Variable&gt;&lt;/Variables&gt;&lt;/Rule&gt;&lt;Rule&gt;&lt;Variables&gt;&lt;Variable Name="TSDebugMode" IsSecret="false"&gt;FALSE&lt;/Variable&gt;&lt;/Variables&gt;&lt;/Rule&gt;&lt;/Rules&gt;
</variable></defaultVarList></step><step type="SMS_TaskSequence_SetupWindowsAndSMSAction" name="Setup Windows and Configuration Manager" description="Actions to setup Windows and Configuration Manager client" continueOnError="true" runIn="WinPEandFullOS" successCodeList="0" retryCount="0" runFromNet="false"><action>OSDSetupWindows.exe</action><defaultVarList><variable name="SMSClientInstallProperties" property="ClientInstallProperties">/UsePKICert SMSCACHESIZE=25600 CCMLOGMAXSIZE=2621440 CCMLOGMAXHISTORY=3 FSP=memcm.dev.recastsoftware.dev</variable><variable name="_SMSClientPackageID" property="ClientPackageID">MEM00004</variable></defaultVarList></step><step type="SMS_TaskSequence_RebootAction" name="Restart Computer" description="" runIn="WinPEandFullOS" successCodeList="0" retryCount="0" runFromNet="false"><action>smsboot.exe /target:HD</action><defaultVarList><variable name="SMSRebootMessage" property="Message">A new Microsoft Windows operating system is being installed. The computer must restart to continue.</variable><variable name="SMSRebootTimeout" property="MessageTimeout">60</variable><variable name="SMSRebootTarget" property="Target" hidden="true">HD</variable></defaultVarList></step><step type="SMS_TaskSequence_SetDynamicVariablesAction" name="Set Variables Full OS" description="" runIn="WinPEandFullOS" successCodeList="0" retryCount="0" runFromNet="false"><action>OSDSetDynamicVariables.exe</action><defaultVarList><variable name="OSDSetDynamicVariablesRules" property="Rules">&lt;Rules&gt;&lt;Rule&gt;&lt;condition&gt;&lt;expression type="SMS_TaskSequence_VariableConditionExpression"&gt;&lt;variable name="Operator"&gt;exists&lt;/variable&gt;&lt;variable name="Value"&gt;&lt;/variable&gt;&lt;variable name="Variable"&gt;TSDebugModeResume&lt;/variable&gt;&lt;/expression&gt;&lt;/condition&gt;&lt;Variables&gt;&lt;Variable Name="TSDebugMode" IsSecret="false"&gt;TRUE&lt;/Variable&gt;&lt;/Variables&gt;&lt;/Rule&gt;&lt;Rule&gt;&lt;Variables&gt;&lt;Variable Name="CompanyFolder" IsSecret="false"&gt;%Programdata%\%CompanyName%&lt;/Variable&gt;&lt;/Variables&gt;&lt;/Rule&gt;&lt;/Rules&gt;
</variable></defaultVarList></step></group></group><group name="OS Modifications &amp; App Installs" description=""><step type="SMS_TaskSequence_RunCommandLineAction" name="Get Client Auth Cert" description="If you're using PKI, update the template name, if not, remove this step." continueOnError="true" runIn="WinPEandFullOS" successCodeList="0 3010" retryCount="0" runFromNet="false"><action>smsswd.exe /run: powershell.exe -executionpolicy bypass -command "Get-Certificate -Template 'ConfigMgrClientCertificate'  -CertStoreLocation cert:\LocalMachine\My"</action><defaultVarList><variable name="CommandLine" property="CommandLine" hidden="true">powershell.exe -executionpolicy bypass -command "Get-Certificate -Template 'ConfigMgrClientCertificate'  -CertStoreLocation cert:\LocalMachine\My"</variable><variable name="SMSTSDisableWow64Redirection" property="DisableWow64Redirection">false</variable><variable name="SMSTSRunCommandLineOutputVariableName" property="OutputVariableName"></variable><variable name="_SMSTSRunCommandLineAsUser" property="RunAsUser">false</variable><variable name="SuccessCodes" property="SuccessCodes" hidden="true">0 3010</variable></defaultVarList></step><group name="Customizations" description=""><step type="SMS_TaskSequence_RunCommandLineAction" name="Windows Customizations Machine" description="CMTracePath, PSTranscription, WinRM, DisableCortana, PreventFirstRunPage, AllowClipboardHistory, DisableConsumerFeatures, EnableRDP" runIn="WinPEandFullOS" successCodeList="0 3010" retryCount="0" runFromNet="false"><action>smsswd.exe /run: powershell.exe -executionpolicy bypass -command "Invoke-Expression (Invoke-RestMethod 'https://raw.githubusercontent.com/gwblok/garytown/master/OSD/CloudOSD/WindowsCustomizations-Machine.ps1')"</action><defaultVarList><variable name="CommandLine" property="CommandLine" hidden="true">powershell.exe -executionpolicy bypass -command "Invoke-Expression (Invoke-RestMethod 'https://raw.githubusercontent.com/gwblok/garytown/master/OSD/CloudOSD/WindowsCustomizations-Machine.ps1')"</variable><variable name="SMSTSDisableWow64Redirection" property="DisableWow64Redirection">false</variable><variable name="SMSTSRunCommandLineOutputVariableName" property="OutputVariableName"></variable><variable name="_SMSTSRunCommandLineAsUser" property="RunAsUser">false</variable><variable name="SuccessCodes" property="SuccessCodes" hidden="true">0 3010</variable></defaultVarList></step><step type="SMS_TaskSequence_RunCommandLineAction" name="Remove Windows Apps &amp; Features - Online" description="" continueOnError="true" runIn="WinPEandFullOS" successCodeList="0 3010" retryCount="0" runFromNet="false"><action>smsswd.exe /run: powershell.exe -executionpolicy bypass -command "Invoke-Expression (Invoke-RestMethod 'https://raw.githubusercontent.com/gwblok/garytown/master/OSD/CloudOSD/Remove-NonCorporateApps.ps1')"</action><defaultVarList><variable name="CommandLine" property="CommandLine" hidden="true">powershell.exe -executionpolicy bypass -command "Invoke-Expression (Invoke-RestMethod 'https://raw.githubusercontent.com/gwblok/garytown/master/OSD/CloudOSD/Remove-NonCorporateApps.ps1')"</variable><variable name="SMSTSDisableWow64Redirection" property="DisableWow64Redirection">false</variable><variable name="SMSTSRunCommandLineOutputVariableName" property="OutputVariableName"></variable><variable name="_SMSTSRunCommandLineAsUser" property="RunAsUser">false</variable><variable name="SuccessCodes" property="SuccessCodes" hidden="true">0 3010</variable></defaultVarList></step><step type="SMS_TaskSequence_RunCommandLineAction" name="Set-ThisPC" description="" runIn="WinPEandFullOS" successCodeList="0 3010" retryCount="0" runFromNet="false"><action>smsswd.exe /run: powershell.exe -executionpolicy bypass -command "Invoke-Expression (Invoke-RestMethod 'https://raw.githubusercontent.com/gwblok/garytown/master/OSD/CloudOSD/Set-ThisPC.ps1')"</action><defaultVarList><variable name="CommandLine" property="CommandLine" hidden="true">powershell.exe -executionpolicy bypass -command "Invoke-Expression (Invoke-RestMethod 'https://raw.githubusercontent.com/gwblok/garytown/master/OSD/CloudOSD/Set-ThisPC.ps1')"</variable><variable name="SMSTSDisableWow64Redirection" property="DisableWow64Redirection">false</variable><variable name="SMSTSRunCommandLineOutputVariableName" property="OutputVariableName"></variable><variable name="_SMSTSRunCommandLineAsUser" property="RunAsUser">false</variable><variable name="SuccessCodes" property="SuccessCodes" hidden="true">0 3010</variable></defaultVarList></step><step type="SMS_TaskSequence_RunCommandLineAction" name="Set OEM Info" description="" runIn="WinPEandFullOS" successCodeList="0 3010" retryCount="0" runFromNet="false"><action>smsswd.exe /run: powershell.exe -executionpolicy bypass -command "Invoke-Expression (Invoke-RestMethod 'https://raw.githubusercontent.com/gwblok/garytown/master/OSD/CloudOSD/OEMInfo.ps1')"</action><defaultVarList><variable name="CommandLine" property="CommandLine" hidden="true">powershell.exe -executionpolicy bypass -command "Invoke-Expression (Invoke-RestMethod 'https://raw.githubusercontent.com/gwblok/garytown/master/OSD/CloudOSD/OEMInfo.ps1')"</variable><variable name="SMSTSDisableWow64Redirection" property="DisableWow64Redirection">false</variable><variable name="SMSTSRunCommandLineOutputVariableName" property="OutputVariableName"></variable><variable name="_SMSTSRunCommandLineAsUser" property="RunAsUser">false</variable><variable name="SuccessCodes" property="SuccessCodes" hidden="true">0 3010</variable></defaultVarList></step><step type="SMS_TaskSequence_RunCommandLineAction" name="Setup and Configure BC - 2Pint" description="" runIn="WinPEandFullOS" successCodeList="0 3010" retryCount="0" runFromNet="false"><action>smsswd.exe /run: powershell.exe -executionpolicy bypass -command "Invoke-Expression (Invoke-RestMethod 'https://raw.githubusercontent.com/2pintsoftware/BranchCache/master/ConfigMgr%20Configuration%20Item%20(CI)%20to%20Enable%20and%20Tune%20BranchCache/Source/MAIN_REMEDIATE.ps1')"</action><defaultVarList><variable name="CommandLine" property="CommandLine" hidden="true">powershell.exe -executionpolicy bypass -command "Invoke-Expression (Invoke-RestMethod 'https://raw.githubusercontent.com/2pintsoftware/BranchCache/master/ConfigMgr%20Configuration%20Item%20(CI)%20to%20Enable%20and%20Tune%20BranchCache/Source/MAIN_REMEDIATE.ps1')"</variable><variable name="SMSTSDisableWow64Redirection" property="DisableWow64Redirection">false</variable><variable name="SMSTSRunCommandLineOutputVariableName" property="OutputVariableName"></variable><variable name="_SMSTSRunCommandLineAsUser" property="RunAsUser">false</variable><variable name="SuccessCodes" property="SuccessCodes" hidden="true">0 3010</variable></defaultVarList></step><step type="SMS_TaskSequence_RunCommandLineAction" name="Set BC CacheSize - 2Pint" description="" runIn="WinPEandFullOS" successCodeList="0 3010" retryCount="0" runFromNet="false"><action>smsswd.exe /run: powershell.exe -executionpolicy bypass -command "Invoke-Expression (Invoke-RestMethod 'https://raw.githubusercontent.com/2pintsoftware/BranchCache/master/ConfigMgr%20Configuration%20Item%20(CI)%20to%20Enable%20and%20Tune%20BranchCache/Source/CacheSize_REMEDIATE.ps1')"</action><defaultVarList><variable name="CommandLine" property="CommandLine" hidden="true">powershell.exe -executionpolicy bypass -command "Invoke-Expression (Invoke-RestMethod 'https://raw.githubusercontent.com/2pintsoftware/BranchCache/master/ConfigMgr%20Configuration%20Item%20(CI)%20to%20Enable%20and%20Tune%20BranchCache/Source/CacheSize_REMEDIATE.ps1')"</variable><variable name="SMSTSDisableWow64Redirection" property="DisableWow64Redirection">false</variable><variable name="SMSTSRunCommandLineOutputVariableName" property="OutputVariableName"></variable><variable name="_SMSTSRunCommandLineAsUser" property="RunAsUser">false</variable><variable name="SuccessCodes" property="SuccessCodes" hidden="true">0 3010</variable></defaultVarList></step><step type="SMS_TaskSequence_RunCommandLineAction" name="Update-PowerShellGet" description="" runIn="WinPEandFullOS" successCodeList="0 3010" retryCount="0" runFromNet="false"><action>smsswd.exe /run: powershell.exe -executionpolicy bypass -command "Invoke-Expression (Invoke-RestMethod 'https://raw.githubusercontent.com/gwblok/garytown/master/OSD/CloudOSD/Update-PowerShellGet.ps1')"</action><defaultVarList><variable name="CommandLine" property="CommandLine" hidden="true">powershell.exe -executionpolicy bypass -command "Invoke-Expression (Invoke-RestMethod 'https://raw.githubusercontent.com/gwblok/garytown/master/OSD/CloudOSD/Update-PowerShellGet.ps1')"</variable><variable name="SMSTSDisableWow64Redirection" property="DisableWow64Redirection">false</variable><variable name="SMSTSRunCommandLineOutputVariableName" property="OutputVariableName"></variable><variable name="_SMSTSRunCommandLineAsUser" property="RunAsUser">false</variable><variable name="SuccessCodes" property="SuccessCodes" hidden="true">0 3010</variable></defaultVarList></step><step type="SMS_TaskSequence_RunCommandLineAction" name="ConfigMgr Desktop Shortcuts" description="" runIn="WinPEandFullOS" successCodeList="0 3010" retryCount="0" runFromNet="false"><action>smsswd.exe /run: powershell.exe -executionpolicy bypass -command "Invoke-Expression (Invoke-RestMethod 'https://raw.githubusercontent.com/gwblok/garytown/master/OSD/CloudOSD/ConfigMgrDesktopIcons.ps1')"</action><defaultVarList><variable name="CommandLine" property="CommandLine" hidden="true">powershell.exe -executionpolicy bypass -command "Invoke-Expression (Invoke-RestMethod 'https://raw.githubusercontent.com/gwblok/garytown/master/OSD/CloudOSD/ConfigMgrDesktopIcons.ps1')"</variable><variable name="SMSTSDisableWow64Redirection" property="DisableWow64Redirection">false</variable><variable name="SMSTSRunCommandLineOutputVariableName" property="OutputVariableName"></variable><variable name="_SMSTSRunCommandLineAsUser" property="RunAsUser">false</variable><variable name="SuccessCodes" property="SuccessCodes" hidden="true">0 3010</variable></defaultVarList></step><step type="SMS_TaskSequence_RunCommandLineAction" name="Replace Default User Profile Images" description="" runIn="WinPEandFullOS" successCodeList="0 3010" retryCount="0" runFromNet="false"><action>smsswd.exe /run: powershell.exe -executionpolicy bypass -command "Invoke-Expression (Invoke-RestMethod 'https://raw.githubusercontent.com/gwblok/garytown/master/OSD/CloudOSD/UserImages.ps1')"</action><defaultVarList><variable name="CommandLine" property="CommandLine" hidden="true">powershell.exe -executionpolicy bypass -command "Invoke-Expression (Invoke-RestMethod 'https://raw.githubusercontent.com/gwblok/garytown/master/OSD/CloudOSD/UserImages.ps1')"</variable><variable name="SMSTSDisableWow64Redirection" property="DisableWow64Redirection">false</variable><variable name="SMSTSRunCommandLineOutputVariableName" property="OutputVariableName"></variable><variable name="_SMSTSRunCommandLineAsUser" property="RunAsUser">false</variable><variable name="SuccessCodes" property="SuccessCodes" hidden="true">0 3010</variable></defaultVarList></step><group name="Default Profile Registry Changes" description="These Changes all happen on the Default Profile, and then only apply to new users."><step type="SMS_TaskSequence_RunCommandLineAction" name="Tweak - Mount ntuser.dat as defuser FIRST STEP" description="" continueOnError="true" runIn="WinPEandFullOS" successCodeList="0 3010" retryCount="0" runFromNet="false"><action>smsswd.exe /run: reg.exe load HKEY_LOCAL_MACHINE\defuser c:\users\default\ntuser.dat</action><defaultVarList><variable name="CommandLine" property="CommandLine" hidden="true">reg.exe load HKEY_LOCAL_MACHINE\defuser c:\users\default\ntuser.dat</variable><variable name="SMSTSDisableWow64Redirection" property="DisableWow64Redirection">false</variable><variable name="SMSTSRunCommandLineOutputVariableName" property="OutputVariableName"></variable><variable name="_SMSTSRunCommandLineAsUser" property="RunAsUser">false</variable><variable name="SuccessCodes" property="SuccessCodes" hidden="true">0 3010</variable></defaultVarList></step><step type="SMS_TaskSequence_RunCommandLineAction" name="Tweak - Remove People Icon in Menu" description="Need to use GPO if you're doing after user first logon.  User\AdminTempates\StartMenu&amp;TaskBar\Remove the People.." continueOnError="true" runIn="WinPEandFullOS" successCodeList="0 3010" retryCount="0" runFromNet="false"><action>smsswd.exe /run: REG ADD "HKEY_LOCAL_MACHINE\defuser\SOFTWARE\Policies\Microsoft\Windows\Explorer" /V HidePeopleBar /T REG_DWORD /D 1 /F</action><defaultVarList><variable name="CommandLine" property="CommandLine" hidden="true">REG ADD "HKEY_LOCAL_MACHINE\defuser\SOFTWARE\Policies\Microsoft\Windows\Explorer" /V HidePeopleBar /T REG_DWORD /D 1 /F</variable><variable name="SMSTSDisableWow64Redirection" property="DisableWow64Redirection">false</variable><variable name="SMSTSRunCommandLineOutputVariableName" property="OutputVariableName"></variable><variable name="_SMSTSRunCommandLineAsUser" property="RunAsUser">false</variable><variable name="SuccessCodes" property="SuccessCodes" hidden="true">0 3010</variable></defaultVarList></step><step type="SMS_TaskSequence_RunCommandLineAction" name="Tweak - Remove Chat Icon - Win11" description="Need to use GPO if you're doing after user first logon.  User\AdminTempates\StartMenu&amp;TaskBar\Remove the People.." continueOnError="true" runIn="WinPEandFullOS" successCodeList="0 3010" retryCount="0" runFromNet="false"><action>smsswd.exe /run: REG ADD "HKEY_LOCAL_MACHINE\defuser\Software\Microsoft\Windows\CurrentVersion\Explorer\Advanced" /V TaskbarMn /T REG_DWORD /D 0 /F</action><defaultVarList><variable name="CommandLine" property="CommandLine" hidden="true">REG ADD "HKEY_LOCAL_MACHINE\defuser\Software\Microsoft\Windows\CurrentVersion\Explorer\Advanced" /V TaskbarMn /T REG_DWORD /D 0 /F</variable><variable name="SMSTSDisableWow64Redirection" property="DisableWow64Redirection">false</variable><variable name="SMSTSRunCommandLineOutputVariableName" property="OutputVariableName"></variable><variable name="_SMSTSRunCommandLineAsUser" property="RunAsUser">false</variable><variable name="SuccessCodes" property="SuccessCodes" hidden="true">0 3010</variable></defaultVarList></step><step type="SMS_TaskSequence_RunCommandLineAction" name="Tweak - Set Cortana / Search Icon" description="" runIn="WinPEandFullOS" successCodeList="0 3010" retryCount="0" runFromNet="false"><action>smsswd.exe /run: REG ADD "HKEY_LOCAL_MACHINE\defuser\SOFTWARE\Microsoft\Windows\CurrentVersion\Search" /V SearchboxTaskbarMode /T REG_DWORD /D 1 /F</action><defaultVarList><variable name="CommandLine" property="CommandLine" hidden="true">REG ADD "HKEY_LOCAL_MACHINE\defuser\SOFTWARE\Microsoft\Windows\CurrentVersion\Search" /V SearchboxTaskbarMode /T REG_DWORD /D 1 /F</variable><variable name="SMSTSDisableWow64Redirection" property="DisableWow64Redirection">false</variable><variable name="SMSTSRunCommandLineOutputVariableName" property="OutputVariableName"></variable><variable name="_SMSTSRunCommandLineAsUser" property="RunAsUser">false</variable><variable name="SuccessCodes" property="SuccessCodes" hidden="true">0 3010</variable></defaultVarList></step><step type="SMS_TaskSequence_RunCommandLineAction" name="Tweak - LockScreen Tool Tips &amp; Rotation Disable" description="This disables that annoying tip in the lock screen" continueOnError="true" runIn="WinPEandFullOS" successCodeList="0 3010" retryCount="0" runFromNet="false"><action>smsswd.exe /run: cmd.exe /c REG ADD "HKEY_LOCAL_MACHINE\defuser\SOFTWARE\Microsoft\Windows\CurrentVersion\ContentDeliveryManager" /V RotatingLockScreenOverlayEnabled /T REG_DWORD /D 0 /F &amp; cmd.exe /c REG ADD "HKEY_LOCAL_MACHINE\defuser\SOFTWARE\Microsoft\Windows\CurrentVersion\ContentDeliveryManager" /T REG_DWORD /V RotatingLockScreenEnabled /D 0 /F</action><defaultVarList><variable name="CommandLine" property="CommandLine" hidden="true">cmd.exe /c REG ADD "HKEY_LOCAL_MACHINE\defuser\SOFTWARE\Microsoft\Windows\CurrentVersion\ContentDeliveryManager" /V RotatingLockScreenOverlayEnabled /T REG_DWORD /D 0 /F &amp; cmd.exe /c REG ADD "HKEY_LOCAL_MACHINE\defuser\SOFTWARE\Microsoft\Windows\CurrentVersion\ContentDeliveryManager" /T REG_DWORD /V RotatingLockScreenEnabled /D 0 /F</variable><variable name="SMSTSDisableWow64Redirection" property="DisableWow64Redirection">false</variable><variable name="SMSTSRunCommandLineOutputVariableName" property="OutputVariableName"></variable><variable name="_SMSTSRunCommandLineAsUser" property="RunAsUser">false</variable><variable name="SuccessCodes" property="SuccessCodes" hidden="true">0 3010</variable></defaultVarList></step><step type="SMS_TaskSequence_RunCommandLineAction" name="Tweak - Content Delivery Disable" description="Removes Ads and other Annoyances in the Start Menu and Windows" continueOnError="true" runIn="WinPEandFullOS" successCodeList="0 3010" retryCount="0" runFromNet="false"><action>smsswd.exe /run: cmd.exe /c REG ADD "HKEY_LOCAL_MACHINE\defuser\SOFTWARE\Microsoft\Windows\CurrentVersion\ContentDeliveryManager" /T REG_DWORD /V SystemPaneSuggestionsEnabled /D 0 /F &amp; cmd.exe /c REG ADD "HKEY_LOCAL_MACHINE\defuser\SOFTWARE\Microsoft\Windows\CurrentVersion\ContentDeliveryManager" /T REG_DWORD /V SubscribedContentEnabled /D 0 /F &amp; cmd.exe /c REG ADD "HKEY_LOCAL_MACHINE\defuser\SOFTWARE\Microsoft\Windows\CurrentVersion\ContentDeliveryManager" /T REG_DWORD /V SoftLandingEnabled /D 0 /F &amp; cmd.exe /c REG ADD "HKEY_LOCAL_MACHINE\defuser\SOFTWARE\Microsoft\Windows\CurrentVersion\ContentDeliveryManager" /T REG_DWORD /V SilentInstalledAppsEnabled /D 0 /F &amp; cmd.exe /c REG ADD "HKEY_LOCAL_MACHINE\defuser\SOFTWARE\Microsoft\Windows\CurrentVersion\ContentDeliveryManager" /T REG_DWORD /V PreInstalledAppsEnabled /D 0 /F &amp; cmd.exe /c REG ADD "HKEY_LOCAL_MACHINE\defuser\SOFTWARE\Microsoft\Windows\CurrentVersion\ContentDeliveryManager" /T REG_DWORD /V OemPreInstalledAppsEnabled /D 0 /F &amp; cmd.exe /c REG ADD "HKEY_LOCAL_MACHINE\defuser\SOFTWARE\Microsoft\Windows\CurrentVersion\ContentDeliveryManager" /T REG_DWORD /V FeatureManagementEnabled /D 0 /F &amp; cmd.exe /c REG ADD "HKEY_LOCAL_MACHINE\defuser\SOFTWARE\Microsoft\Windows\CurrentVersion\ContentDeliveryManager" /T REG_DWORD /V ContentDeliveryAllowed /D 0 /F</action><defaultVarList><variable name="CommandLine" property="CommandLine" hidden="true">cmd.exe /c REG ADD "HKEY_LOCAL_MACHINE\defuser\SOFTWARE\Microsoft\Windows\CurrentVersion\ContentDeliveryManager" /T REG_DWORD /V SystemPaneSuggestionsEnabled /D 0 /F &amp; cmd.exe /c REG ADD "HKEY_LOCAL_MACHINE\defuser\SOFTWARE\Microsoft\Windows\CurrentVersion\ContentDeliveryManager" /T REG_DWORD /V SubscribedContentEnabled /D 0 /F &amp; cmd.exe /c REG ADD "HKEY_LOCAL_MACHINE\defuser\SOFTWARE\Microsoft\Windows\CurrentVersion\ContentDeliveryManager" /T REG_DWORD /V SoftLandingEnabled /D 0 /F &amp; cmd.exe /c REG ADD "HKEY_LOCAL_MACHINE\defuser\SOFTWARE\Microsoft\Windows\CurrentVersion\ContentDeliveryManager" /T REG_DWORD /V SilentInstalledAppsEnabled /D 0 /F &amp; cmd.exe /c REG ADD "HKEY_LOCAL_MACHINE\defuser\SOFTWARE\Microsoft\Windows\CurrentVersion\ContentDeliveryManager" /T REG_DWORD /V PreInstalledAppsEnabled /D 0 /F &amp; cmd.exe /c REG ADD "HKEY_LOCAL_MACHINE\defuser\SOFTWARE\Microsoft\Windows\CurrentVersion\ContentDeliveryManager" /T REG_DWORD /V OemPreInstalledAppsEnabled /D 0 /F &amp; cmd.exe /c REG ADD "HKEY_LOCAL_MACHINE\defuser\SOFTWARE\Microsoft\Windows\CurrentVersion\ContentDeliveryManager" /T REG_DWORD /V FeatureManagementEnabled /D 0 /F &amp; cmd.exe /c REG ADD "HKEY_LOCAL_MACHINE\defuser\SOFTWARE\Microsoft\Windows\CurrentVersion\ContentDeliveryManager" /T REG_DWORD /V ContentDeliveryAllowed /D 0 /F</variable><variable name="SMSTSDisableWow64Redirection" property="DisableWow64Redirection">false</variable><variable name="SMSTSRunCommandLineOutputVariableName" property="OutputVariableName"></variable><variable name="_SMSTSRunCommandLineAsUser" property="RunAsUser">false</variable><variable name="SuccessCodes" property="SuccessCodes" hidden="true">0 3010</variable></defaultVarList></step><step type="SMS_TaskSequence_RunCommandLineAction" name="Tweak - LockScreen BING Rotation Disable" description="This will use the LockScreen image you placed instead of rotating the BING images when a machine isn't activated. - https://community.spiceworks.com/topic/1528398-windows-10-lock-screen-image-via-group-policy" runIn="WinPEandFullOS" successCodeList="0 3010" retryCount="0" runFromNet="false"><action>smsswd.exe /run: cmd.exe /c REG ADD "HKEY_LOCAL_MACHINE\defuser\SOFTWARE\Microsoft\Windows\CurrentVersion\Lock Screen\Creative" /V LockImageFlags /T REG_DWORD /D 00000000 /F &amp; cmd.exe /c REG ADD "HKEY_LOCAL_MACHINE\defuser\SOFTWARE\Microsoft\Windows\CurrentVersion\Lock Screen\Creative" /V LockScreenOptions /T REG_DWORD /D 00000000 /F &amp; cmd.exe /c REG ADD "HKEY_LOCAL_MACHINE\defuser\SOFTWARE\Microsoft\Windows\CurrentVersion\Lock Screen\Creative" /V CreativeId /T REG_SZ /D "" /F  &amp; cmd.exe /c REG ADD "HKEY_LOCAL_MACHINE\defuser\SOFTWARE\Microsoft\Windows\CurrentVersion\Lock Screen\Creative" /V DescriptionText /T REG_SZ /D "" /F &amp; cmd.exe /c REG ADD "HKEY_LOCAL_MACHINE\defuser\SOFTWARE\Microsoft\Windows\CurrentVersion\Lock Screen\Creative" /V ActionText /T REG_SZ /D "" /F &amp; cmd.exe /c REG ADD "HKEY_LOCAL_MACHINE\defuser\SOFTWARE\Microsoft\Windows\CurrentVersion\Lock Screen\Creative" /V ActionUri /T REG_SZ /D "" /F &amp; cmd.exe /c REG ADD "HKEY_LOCAL_MACHINE\defuser\SOFTWARE\Microsoft\Windows\CurrentVersion\Lock Screen\Creative" /V PlacementId /T REG_SZ /D "" /F &amp; cmd.exe /c REG ADD "HKEY_LOCAL_MACHINE\defuser\SOFTWARE\Microsoft\Windows\CurrentVersion\Lock Screen\Creative" /V ClickthroughToken /T REG_SZ /D "" /F &amp; cmd.exe /c REG ADD "HKEY_LOCAL_MACHINE\defuser\SOFTWARE\Microsoft\Windows\CurrentVersion\Lock Screen\Creative" /V ImpressionToken /T REG_SZ /D "" /F &amp; cmd.exe /c REG ADD "HKEY_LOCAL_MACHINE\defuser\SOFTWARE\Microsoft\Windows\CurrentVersion\Lock Screen\Creative" /V CreativeJson /T REG_SZ /D "" /F &amp; cmd.exe /c REG ADD "HKEY_LOCAL_MACHINE\defuser\SOFTWARE\Microsoft\Windows\CurrentVersion\Lock Screen\Creative" /V PortraitAssetPath /T REG_SZ /D "C:\Windows\Web\Screen\img100.jpg" /F &amp; cmd.exe /c REG ADD "HKEY_LOCAL_MACHINE\defuser\SOFTWARE\Microsoft\Windows\CurrentVersion\Lock Screen\Creative" /V LandscapeAssetPath /T REG_SZ /D "C:\Windows\Web\Screen\img100.jpg" /F &amp; cmd.exe /c REG ADD "HKEY_LOCAL_MACHINE\defuser\SOFTWARE\Microsoft\Windows\CurrentVersion\Lock Screen\Creative" /V HotspotImageFolderPath /T REG_SZ /D "C:\Windows\Web\Screen\img100.jpg" /F</action><defaultVarList><variable name="CommandLine" property="CommandLine" hidden="true">cmd.exe /c REG ADD "HKEY_LOCAL_MACHINE\defuser\SOFTWARE\Microsoft\Windows\CurrentVersion\Lock Screen\Creative" /V LockImageFlags /T REG_DWORD /D 00000000 /F &amp; cmd.exe /c REG ADD "HKEY_LOCAL_MACHINE\defuser\SOFTWARE\Microsoft\Windows\CurrentVersion\Lock Screen\Creative" /V LockScreenOptions /T REG_DWORD /D 00000000 /F &amp; cmd.exe /c REG ADD "HKEY_LOCAL_MACHINE\defuser\SOFTWARE\Microsoft\Windows\CurrentVersion\Lock Screen\Creative" /V CreativeId /T REG_SZ /D "" /F  &amp; cmd.exe /c REG ADD "HKEY_LOCAL_MACHINE\defuser\SOFTWARE\Microsoft\Windows\CurrentVersion\Lock Screen\Creative" /V DescriptionText /T REG_SZ /D "" /F &amp; cmd.exe /c REG ADD "HKEY_LOCAL_MACHINE\defuser\SOFTWARE\Microsoft\Windows\CurrentVersion\Lock Screen\Creative" /V ActionText /T REG_SZ /D "" /F &amp; cmd.exe /c REG ADD "HKEY_LOCAL_MACHINE\defuser\SOFTWARE\Microsoft\Windows\CurrentVersion\Lock Screen\Creative" /V ActionUri /T REG_SZ /D "" /F &amp; cmd.exe /c REG ADD "HKEY_LOCAL_MACHINE\defuser\SOFTWARE\Microsoft\Windows\CurrentVersion\Lock Screen\Creative" /V PlacementId /T REG_SZ /D "" /F &amp; cmd.exe /c REG ADD "HKEY_LOCAL_MACHINE\defuser\SOFTWARE\Microsoft\Windows\CurrentVersion\Lock Screen\Creative" /V ClickthroughToken /T REG_SZ /D "" /F &amp; cmd.exe /c REG ADD "HKEY_LOCAL_MACHINE\defuser\SOFTWARE\Microsoft\Windows\CurrentVersion\Lock Screen\Creative" /V ImpressionToken /T REG_SZ /D "" /F &amp; cmd.exe /c REG ADD "HKEY_LOCAL_MACHINE\defuser\SOFTWARE\Microsoft\Windows\CurrentVersion\Lock Screen\Creative" /V CreativeJson /T REG_SZ /D "" /F &amp; cmd.exe /c REG ADD "HKEY_LOCAL_MACHINE\defuser\SOFTWARE\Microsoft\Windows\CurrentVersion\Lock Screen\Creative" /V PortraitAssetPath /T REG_SZ /D "C:\Windows\Web\Screen\img100.jpg" /F &amp; cmd.exe /c REG ADD "HKEY_LOCAL_MACHINE\defuser\SOFTWARE\Microsoft\Windows\CurrentVersion\Lock Screen\Creative" /V LandscapeAssetPath /T REG_SZ /D "C:\Windows\Web\Screen\img100.jpg" /F &amp; cmd.exe /c REG ADD "HKEY_LOCAL_MACHINE\defuser\SOFTWARE\Microsoft\Windows\CurrentVersion\Lock Screen\Creative" /V HotspotImageFolderPath /T REG_SZ /D "C:\Windows\Web\Screen\img100.jpg" /F</variable><variable name="SMSTSDisableWow64Redirection" property="DisableWow64Redirection">false</variable><variable name="SMSTSRunCommandLineOutputVariableName" property="OutputVariableName"></variable><variable name="_SMSTSRunCommandLineAsUser" property="RunAsUser">false</variable><variable name="SuccessCodes" property="SuccessCodes" hidden="true">0 3010</variable></defaultVarList></step><step type="SMS_TaskSequence_RunCommandLineAction" name="Tweak - LockScreen SpotLight Disable" description="This disables that annoying tip in the lock screen (Also available in GPO User settings)" continueOnError="true" runIn="WinPEandFullOS" successCodeList="0 3010" retryCount="0" runFromNet="false"><action>smsswd.exe /run: REG ADD "HKEY_LOCAL_MACHINE\defuser\SOFTWARE\Policies\Microsoft\Windows\CloudContent" /V DisableWindowsSpotlightFeatures /T REG_DWORD /D 00000001 /F</action><defaultVarList><variable name="CommandLine" property="CommandLine" hidden="true">REG ADD "HKEY_LOCAL_MACHINE\defuser\SOFTWARE\Policies\Microsoft\Windows\CloudContent" /V DisableWindowsSpotlightFeatures /T REG_DWORD /D 00000001 /F</variable><variable name="SMSTSDisableWow64Redirection" property="DisableWow64Redirection">false</variable><variable name="SMSTSRunCommandLineOutputVariableName" property="OutputVariableName"></variable><variable name="_SMSTSRunCommandLineAsUser" property="RunAsUser">false</variable><variable name="SuccessCodes" property="SuccessCodes" hidden="true">0 3010</variable></defaultVarList></step><step type="SMS_TaskSequence_RunCommandLineAction" name="Tweak - Disable Windows Defender First Run" description="Disables the Defender First Run Dialog Box" continueOnError="true" runIn="WinPEandFullOS" successCodeList="0 3010" retryCount="0" runFromNet="false"><action>smsswd.exe /run: REG ADD "HKEY_LOCAL_MACHINE\defuser\SOFTWARE\Microsoft\Windows Defender" /V UIFirstRun /T REG_DWORD /D 00000000 /F</action><defaultVarList><variable name="CommandLine" property="CommandLine" hidden="true">REG ADD "HKEY_LOCAL_MACHINE\defuser\SOFTWARE\Microsoft\Windows Defender" /V UIFirstRun /T REG_DWORD /D 00000000 /F</variable><variable name="SMSTSDisableWow64Redirection" property="DisableWow64Redirection">false</variable><variable name="SMSTSRunCommandLineOutputVariableName" property="OutputVariableName"></variable><variable name="_SMSTSRunCommandLineAsUser" property="RunAsUser">false</variable><variable name="SuccessCodes" property="SuccessCodes" hidden="true">0 3010</variable></defaultVarList></step><step type="SMS_TaskSequence_RunCommandLineAction" name="Tweak - Unmount ntuser.dat as defuser LAST STEP" description="" continueOnError="true" runIn="WinPEandFullOS" successCodeList="0 3010" retryCount="0" runFromNet="false"><action>smsswd.exe /run: reg.exe unload HKEY_LOCAL_MACHINE\defuser</action><defaultVarList><variable name="CommandLine" property="CommandLine" hidden="true">reg.exe unload HKEY_LOCAL_MACHINE\defuser</variable><variable name="SMSTSDisableWow64Redirection" property="DisableWow64Redirection">false</variable><variable name="SMSTSRunCommandLineOutputVariableName" property="OutputVariableName"></variable><variable name="_SMSTSRunCommandLineAsUser" property="RunAsUser">false</variable><variable name="SuccessCodes" property="SuccessCodes" hidden="true">0 3010</variable></defaultVarList></step></group></group><group name="Enable Bitlocker" description=""><step type="SMS_TaskSequence_RunCommandLineAction" name="Set XTS AES 256 (Operating System Drive)" description="https://blogs.technet.microsoft.com/dubaisec/2016/03/04/bitlocker-aes-xts-new-encryption-type/" runIn="WinPEandFullOS" successCodeList="0 3010" retryCount="0" runFromNet="false"><action>smsswd.exe /run: REG ADD "HKEY_LOCAL_MACHINE\SOFTWARE\Policies\Microsoft\FVE" /V EncryptionMethodWithXtsOs /T REG_DWORD /D 7 /F</action><defaultVarList><variable name="CommandLine" property="CommandLine" hidden="true">REG ADD "HKEY_LOCAL_MACHINE\SOFTWARE\Policies\Microsoft\FVE" /V EncryptionMethodWithXtsOs /T REG_DWORD /D 7 /F</variable><variable name="SMSTSDisableWow64Redirection" property="DisableWow64Redirection">false</variable><variable name="SMSTSRunCommandLineOutputVariableName" property="OutputVariableName"></variable><variable name="_SMSTSRunCommandLineAsUser" property="RunAsUser">false</variable><variable name="SuccessCodes" property="SuccessCodes" hidden="true">0 3010</variable></defaultVarList></step><step type="SMS_TaskSequence_RunCommandLineAction" name="Set XTS AES 256 (Fixed Disks)" description="https://blogs.technet.microsoft.com/dubaisec/2016/03/04/bitlocker-aes-xts-new-encryption-type/" runIn="WinPEandFullOS" successCodeList="0 3010" retryCount="0" runFromNet="false"><action>smsswd.exe /run: REG ADD "HKEY_LOCAL_MACHINE\SOFTWARE\Policies\Microsoft\FVE" /V EncryptionMethodWithXtsFdv /T REG_DWORD /D 7 /F</action><defaultVarList><variable name="CommandLine" property="CommandLine" hidden="true">REG ADD "HKEY_LOCAL_MACHINE\SOFTWARE\Policies\Microsoft\FVE" /V EncryptionMethodWithXtsFdv /T REG_DWORD /D 7 /F</variable><variable name="SMSTSDisableWow64Redirection" property="DisableWow64Redirection">false</variable><variable name="SMSTSRunCommandLineOutputVariableName" property="OutputVariableName"></variable><variable name="_SMSTSRunCommandLineAsUser" property="RunAsUser">false</variable><variable name="SuccessCodes" property="SuccessCodes" hidden="true">0 3010</variable></defaultVarList></step><step type="SMS_TaskSequence_RunCommandLineAction" name="Set AES-CBC 128 (Removable Drive)" description="If you use XTS-AES 256 on your flash drive, only Windows 10 1511 and higher will be able to read that flash drive, which is why we are using an older encryption type. (Change 3 to 7 if you want XTS AES 256)" runIn="WinPEandFullOS" successCodeList="0 3010" retryCount="0" runFromNet="false"><action>smsswd.exe /run: REG ADD "HKEY_LOCAL_MACHINE\SOFTWARE\Policies\Microsoft\FVE" /V EncryptionMethodWithXtsRdv /T REG_DWORD /D 3 /F</action><defaultVarList><variable name="CommandLine" property="CommandLine" hidden="true">REG ADD "HKEY_LOCAL_MACHINE\SOFTWARE\Policies\Microsoft\FVE" /V EncryptionMethodWithXtsRdv /T REG_DWORD /D 3 /F</variable><variable name="SMSTSDisableWow64Redirection" property="DisableWow64Redirection">false</variable><variable name="SMSTSRunCommandLineOutputVariableName" property="OutputVariableName"></variable><variable name="_SMSTSRunCommandLineAsUser" property="RunAsUser">false</variable><variable name="SuccessCodes" property="SuccessCodes" hidden="true">0 3010</variable></defaultVarList></step><step type="SMS_TaskSequence_RunCommandLineAction" name="Set XTS AES 256 (Full Disk Encryption)" description="https://blogs.technet.microsoft.com/dubaisec/2016/03/04/bitlocker-aes-xts-new-encryption-type/" runIn="WinPEandFullOS" successCodeList="0 3010" retryCount="0" runFromNet="false"><action>smsswd.exe /run: REG ADD "HKEY_LOCAL_MACHINE\SOFTWARE\Policies\Microsoft\FVE" /V OSEncryptionType /T REG_DWORD /D 1 /F</action><defaultVarList><variable name="CommandLine" property="CommandLine" hidden="true">REG ADD "HKEY_LOCAL_MACHINE\SOFTWARE\Policies\Microsoft\FVE" /V OSEncryptionType /T REG_DWORD /D 1 /F</variable><variable name="SMSTSDisableWow64Redirection" property="DisableWow64Redirection">false</variable><variable name="SMSTSRunCommandLineOutputVariableName" property="OutputVariableName"></variable><variable name="_SMSTSRunCommandLineAsUser" property="RunAsUser">false</variable><variable name="SuccessCodes" property="SuccessCodes" hidden="true">0 3010</variable></defaultVarList></step><step type="SMS_TaskSequence_RunCommandLineAction" name="Disable Hardware Encryption (More Secure)" description="https://portal.msrc.microsoft.com/en-us/security-guidance/advisory/ADV180028" runIn="WinPEandFullOS" successCodeList="0 3010" retryCount="0" runFromNet="false"><action>smsswd.exe /run: REG ADD "HKEY_LOCAL_MACHINE\SOFTWARE\Policies\Microsoft\FVE" /V OSAllowedHardwareEncryptionAlgorithms /T REG_DWORD /D 0 /F</action><defaultVarList><variable name="CommandLine" property="CommandLine" hidden="true">REG ADD "HKEY_LOCAL_MACHINE\SOFTWARE\Policies\Microsoft\FVE" /V OSAllowedHardwareEncryptionAlgorithms /T REG_DWORD /D 0 /F</variable><variable name="SMSTSDisableWow64Redirection" property="DisableWow64Redirection">false</variable><variable name="SMSTSRunCommandLineOutputVariableName" property="OutputVariableName"></variable><variable name="_SMSTSRunCommandLineAsUser" property="RunAsUser">false</variable><variable name="SuccessCodes" property="SuccessCodes" hidden="true">0 3010</variable></defaultVarList></step><step type="SMS_TaskSequence_EnableBitLockerAction" name="Enable BitLocker" description="" continueOnError="true" runIn="FullOS" successCodeList="0" retryCount="0" runFromNet="false"><action>OSDBitLocker.exe /enable  /wait:True /mode:TPM /pwd:AD /full:True /crypt:7 /ignoretpm:True</action><defaultVarList><variable name="OSDBitLockerCreateRecoveryPassword" property="CreateRecoveryPassword" hidden="true">AD</variable><variable name="OSDBitLockerEncryptFullDisk" property="EncryptFullDisk" hidden="true">true</variable><variable name="OSDBitLockerEncryptMethod" property="EncryptMethod" hidden="true">7</variable><variable name="OSDBitLockerMode" property="Mode" hidden="true">TPM</variable><variable name="OSDBitLockerSkipWhenNoValidTPM" property="SkipWhenNoValidTPM" hidden="true">true</variable><variable name="OSDBitLockerWaitForEncryption" property="WaitForEncryption" hidden="true">true</variable></defaultVarList></step></group><group name="Update Windows Defender" description=""><step type="SMS_TaskSequence_RunCommandLineAction" name="Update Windows Defender" description="" runIn="WinPEandFullOS" successCodeList="0 3010" retryCount="0" runFromNet="false"><action>smsswd.exe /run: powershell.exe -executionpolicy bypass -command "Invoke-Expression (Invoke-RestMethod 'https://raw.githubusercontent.com/gwblok/garytown/master/OSD/CloudOSD/WindowsDefenderDefs_Updater.ps1')"</action><defaultVarList><variable name="CommandLine" property="CommandLine" hidden="true">powershell.exe -executionpolicy bypass -command "Invoke-Expression (Invoke-RestMethod 'https://raw.githubusercontent.com/gwblok/garytown/master/OSD/CloudOSD/WindowsDefenderDefs_Updater.ps1')"</variable><variable name="SMSTSDisableWow64Redirection" property="DisableWow64Redirection">false</variable><variable name="SMSTSRunCommandLineOutputVariableName" property="OutputVariableName"></variable><variable name="_SMSTSRunCommandLineAsUser" property="RunAsUser">false</variable><variable name="SuccessCodes" property="SuccessCodes" hidden="true">0 3010</variable></defaultVarList></step></group><group name="Apps - From Internet" description="" continueOnError="true"><step type="SMS_TaskSequence_RunCommandLineAction" name="Sysinternals-Suite" description="" continueOnError="true" runIn="WinPEandFullOS" successCodeList="0 3010" retryCount="0" runFromNet="false"><action>smsswd.exe /run: powershell.exe -executionpolicy bypass -command "Invoke-Expression (Invoke-RestMethod 'https://raw.githubusercontent.com/gwblok/garytown/master/OSD/CloudOSD/Sysinternals-Suite.ps1')"</action><defaultVarList><variable name="CommandLine" property="CommandLine" hidden="true">powershell.exe -executionpolicy bypass -command "Invoke-Expression (Invoke-RestMethod 'https://raw.githubusercontent.com/gwblok/garytown/master/OSD/CloudOSD/Sysinternals-Suite.ps1')"</variable><variable name="SMSTSDisableWow64Redirection" property="DisableWow64Redirection">false</variable><variable name="SMSTSRunCommandLineOutputVariableName" property="OutputVariableName"></variable><variable name="_SMSTSRunCommandLineAsUser" property="RunAsUser">false</variable><variable name="SuccessCodes" property="SuccessCodes" hidden="true">0 3010</variable></defaultVarList></step><step type="SMS_TaskSequence_RunCommandLineAction" name="WMIExplorer" description="" continueOnError="true" runIn="WinPEandFullOS" successCodeList="0 3010" retryCount="0" runFromNet="false"><action>smsswd.exe /run: powershell.exe -executionpolicy bypass -command "Invoke-Expression (Invoke-RestMethod 'https://raw.githubusercontent.com/gwblok/garytown/master/OSD/CloudOSD/WMIExplorer.ps1')"</action><defaultVarList><variable name="CommandLine" property="CommandLine" hidden="true">powershell.exe -executionpolicy bypass -command "Invoke-Expression (Invoke-RestMethod 'https://raw.githubusercontent.com/gwblok/garytown/master/OSD/CloudOSD/WMIExplorer.ps1')"</variable><variable name="SMSTSDisableWow64Redirection" property="DisableWow64Redirection">false</variable><variable name="SMSTSRunCommandLineOutputVariableName" property="OutputVariableName"></variable><variable name="_SMSTSRunCommandLineAsUser" property="RunAsUser">false</variable><variable name="SuccessCodes" property="SuccessCodes" hidden="true">0 3010</variable></defaultVarList></step><step type="SMS_TaskSequence_RunCommandLineAction" name="Download Ninite Script" description="This copies down a script local that will then allow you to install other apps from Ninite.com pre-determined in the script." runIn="WinPEandFullOS" successCodeList="0 3010" retryCount="0" runFromNet="false"><action>smsswd.exe /run: powershell.exe -executionpolicy bypass -command "Invoke-WebRequest -UseBasicParsing -Uri 'https://raw.githubusercontent.com/gwblok/garytown/master/OSD/CloudOSD/NiniteInstall.ps1' -OutFile $env:TEMP\NiniteInstall.ps1"</action><defaultVarList><variable name="CommandLine" property="CommandLine" hidden="true">powershell.exe -executionpolicy bypass -command "Invoke-WebRequest -UseBasicParsing -Uri 'https://raw.githubusercontent.com/gwblok/garytown/master/OSD/CloudOSD/NiniteInstall.ps1' -OutFile $env:TEMP\NiniteInstall.ps1"</variable><variable name="SMSTSDisableWow64Redirection" property="DisableWow64Redirection">false</variable><variable name="SMSTSRunCommandLineOutputVariableName" property="OutputVariableName"></variable><variable name="_SMSTSRunCommandLineAsUser" property="RunAsUser">false</variable><variable name="SuccessCodes" property="SuccessCodes" hidden="true">0 3010</variable></defaultVarList></step><step type="SMS_TaskSequence_RunCommandLineAction" name="VLC" description="Requires the step that you downloaded the NiniteInstall.ps1 Script" runIn="WinPEandFullOS" successCodeList="0 3010" retryCount="0" runFromNet="false"><action>smsswd.exe /run: powershell.exe -executionpolicy bypass -file %temp%\NiniteInstall.ps1  -Invoke Install -NiniteApp VLC</action><defaultVarList><variable name="CommandLine" property="CommandLine" hidden="true">powershell.exe -executionpolicy bypass -file %temp%\NiniteInstall.ps1  -Invoke Install -NiniteApp VLC</variable><variable name="SMSTSDisableWow64Redirection" property="DisableWow64Redirection">false</variable><variable name="SMSTSRunCommandLineOutputVariableName" property="OutputVariableName"></variable><variable name="_SMSTSRunCommandLineAsUser" property="RunAsUser">false</variable><variable name="SuccessCodes" property="SuccessCodes" hidden="true">0 3010</variable></defaultVarList></step><step type="SMS_TaskSequence_RunCommandLineAction" name="Visual Studio Code" description="Requires the step that you downloaded the NiniteInstall.ps1 Script" runIn="WinPEandFullOS" successCodeList="0 3010" retryCount="0" runFromNet="false"><action>smsswd.exe /run: powershell.exe -executionpolicy bypass -file %temp%\NiniteInstall.ps1  -Invoke Install -NiniteApp VSCode</action><defaultVarList><variable name="CommandLine" property="CommandLine" hidden="true">powershell.exe -executionpolicy bypass -file %temp%\NiniteInstall.ps1  -Invoke Install -NiniteApp VSCode</variable><variable name="SMSTSDisableWow64Redirection" property="DisableWow64Redirection">false</variable><variable name="SMSTSRunCommandLineOutputVariableName" property="OutputVariableName"></variable><variable name="_SMSTSRunCommandLineAsUser" property="RunAsUser">false</variable><variable name="SuccessCodes" property="SuccessCodes" hidden="true">0 3010</variable></defaultVarList></step></group></group></sequence>
]]></VALUE>
  </PROPERTY>
  <PROPERTY NAME="ShareName" CLASSORIGIN="SMS_PackageBaseclass" TYPE="string">
    <QUALIFIER NAME="CIMTYPE" PROPAGATED="true" TYPE="string" TOINSTANCE="true">
      <VALUE>string</VALUE>
    </QUALIFIER>
    <VALUE></VALUE>
  </PROPERTY>
  <PROPERTY NAME="ShareType" CLASSORIGIN="SMS_PackageBaseclass" TYPE="uint32">
    <QUALIFIER NAME="CIMTYPE" PROPAGATED="true" TYPE="string" TOINSTANCE="true">
      <VALUE>uint32</VALUE>
    </QUALIFIER>
    <VALUE>1</VALUE>
  </PROPERTY>
  <PROPERTY NAME="SourceDate" CLASSORIGIN="SMS_PackageBaseclass" TYPE="datetime">
    <QUALIFIER NAME="CIMTYPE" PROPAGATED="true" TYPE="string" TOINSTANCE="true">
      <VALUE>datetime</VALUE>
    </QUALIFIER>
    <VALUE>20220216213932.000000+000</VALUE>
  </PROPERTY>
  <PROPERTY NAME="SourceSite" CLASSORIGIN="SMS_PackageBaseclass" TYPE="string">
    <QUALIFIER NAME="CIMTYPE" PROPAGATED="true" TYPE="string" TOINSTANCE="true">
      <VALUE>string</VALUE>
    </QUALIFIER>
    <VALUE>MEM</VALUE>
  </PROPERTY>
  <PROPERTY NAME="SourceSize" CLASSORIGIN="SMS_TaskSequencePackage" TYPE="uint32">
    <QUALIFIER NAME="CIMTYPE" PROPAGATED="true" TYPE="string" TOINSTANCE="true">
      <VALUE>uint32</VALUE>
    </QUALIFIER>
    <VALUE>59</VALUE>
  </PROPERTY>
  <PROPERTY NAME="SourceVersion" CLASSORIGIN="SMS_PackageBaseclass" TYPE="uint32">
    <QUALIFIER NAME="CIMTYPE" PROPAGATED="true" TYPE="string" TOINSTANCE="true">
      <VALUE>uint32</VALUE>
    </QUALIFIER>
    <VALUE>1</VALUE>
  </PROPERTY>
  <PROPERTY NAME="StoredPkgPath" CLASSORIGIN="SMS_PackageBaseclass" TYPE="string">
    <QUALIFIER NAME="CIMTYPE" PROPAGATED="true" TYPE="string" TOINSTANCE="true">
      <VALUE>string</VALUE>
    </QUALIFIER>
    <VALUE></VALUE>
  </PROPERTY>
  <PROPERTY NAME="StoredPkgVersion" CLASSORIGIN="SMS_PackageBaseclass" TYPE="uint32">
    <QUALIFIER NAME="CIMTYPE" PROPAGATED="true" TYPE="string" TOINSTANCE="true">
      <VALUE>uint32</VALUE>
    </QUALIFIER>
    <VALUE>1</VALUE>
  </PROPERTY>
  <PROPERTY.OBJECTARRAY NAME="SupportedOperatingSystems" CLASSORIGIN="SMS_TaskSequencePackage" REFERENCECLASS="SMS_OS_Details">
    <QUALIFIER NAME="CIMTYPE" PROPAGATED="true" TYPE="string" TOINSTANCE="true">
      <VALUE>object:SMS_OS_Details</VALUE>
    </QUALIFIER>
    <VALUE.OBJECTARRAY></VALUE.OBJECTARRAY>
  </PROPERTY.OBJECTARRAY>
  <PROPERTY NAME="TaskSequenceFlags" CLASSORIGIN="SMS_TaskSequencePackage" TYPE="uint32">
    <QUALIFIER NAME="CIMTYPE" PROPAGATED="true" TYPE="string" TOINSTANCE="true">
      <VALUE>uint32</VALUE>
    </QUALIFIER>
    <VALUE>0</VALUE>
  </PROPERTY>
  <PROPERTY NAME="TsEnabled" CLASSORIGIN="SMS_TaskSequencePackage" TYPE="boolean">
    <QUALIFIER NAME="CIMTYPE" PROPAGATED="true" TYPE="string" TOINSTANCE="true">
      <VALUE>boolean</VALUE>
    </QUALIFIER>
    <VALUE>TRUE</VALUE>
  </PROPERTY>
  <PROPERTY NAME="Type" CLASSORIGIN="SMS_TaskSequencePackage" TYPE="uint32">
    <QUALIFIER NAME="CIMTYPE" PROPAGATED="true" TYPE="string" TOINSTANCE="true">
      <VALUE>uint32</VALUE>
    </QUALIFIER>
    <VALUE>2</VALUE>
  </PROPERTY>
  <PROPERTY NAME="Version" CLASSORIGIN="SMS_PackageBaseclass" TYPE="string">
    <QUALIFIER NAME="CIMTYPE" PROPAGATED="true" TYPE="string" TOINSTANCE="true">
      <VALUE>string</VALUE>
    </QUALIFIER>
    <VALUE></VALUE>
  </PROPERTY>
</INSTANCE>