<?xml version="1.0"?>
<doc>
    <assembly>
        <name>TwoPint.PeerDist.BlueGreenLeader.Communicator</name>
    </assembly>
    <members>
        <member name="M:TwoPint.PeerDist.BlueGreenLeader.Communicator.IBlueGreenLeaderCommunicator.StartBlueGreenLeaderProcess(System.Exception@,System.String@,System.Boolean,System.Boolean,System.String,System.String,System.Boolean,System.Boolean,System.Net.Sockets.AddressFamily,System.String,System.Int32,System.Int32,System.Int32,System.Int32,System.Int32)">
            <summary>
            Start BlueGreenLeader Process
            </summary>
            <param name="errorIfAny"></param>
            <param name="launchedWithArguments">arguments that were used to launch BlueGreen executable</param>
            <param name="restartIfRunning"></param>
            <param name="startBlueLeader"></param>
            <param name="blueLeaderList"></param>
            <param name="redLeaderList"></param>
            <param name="startMdnsForwarder"></param>
            <param name="startGreenLeader"></param>
            <param name="networkFamily"></param>
            <param name="useIpAddress"></param>
            <param name="proxyPort"></param>
            <param name="retrievalPort"></param>
            <param name="offerPort"></param>
            <param name="nativeRetrievalPort"></param>
            <param name="handleProbeRequestAfterInMs"></param>
            <returns></returns>
        </member>
        <member name="M:TwoPint.PeerDist.BlueGreenLeader.Communicator.IBlueGreenLeaderCommunicator.StopBlueGreenLeaderProcess">
            <summary>
            Stop BlueGreen Process
            </summary>
            <returns></returns>
        </member>
        <member name="M:TwoPint.PeerDist.BlueGreenLeader.Communicator.IBlueGreenLeaderCommunicator.StartPipeServerIfLeaderAlreadyLaunched">
            <summary>
            only to be called when BlueLeader is already running; only for testing
            </summary>
        </member>
        <member name="M:TwoPint.PeerDist.BlueGreenLeader.Communicator.IBlueGreenLeaderCommunicator.GetAddress">
            <summary>
            Get current address for blue or green
            </summary>
            <returns></returns>
        </member>
        <member name="M:TwoPint.PeerDist.BlueGreenLeader.Communicator.IBlueGreenLeaderCommunicator.ChangeIpAddress(System.String)">
            <summary>
            Change IP Address; this will restart Kestrel if applicable
            </summary>
            <param name="address"></param>
            <returns></returns>
        </member>
        <member name="M:TwoPint.PeerDist.BlueGreenLeader.Communicator.IBlueGreenLeaderCommunicator.StartBlueLeaderService">
            <summary>
            Start BlueLeader; this will open up ports to communicate with other blue leaders and native branch cache client
            </summary>
            <returns>success and errorMessage (if failed)</returns>
        </member>
        <member name="M:TwoPint.PeerDist.BlueGreenLeader.Communicator.IBlueGreenLeaderCommunicator.StopBlueLeaderService">
            <summary>
            Stop BlueLeader; will close up ports
            </summary>
        </member>
        <member name="M:TwoPint.PeerDist.BlueGreenLeader.Communicator.IBlueGreenLeaderCommunicator.IsBlueLeaderRunning">
            <summary>
            If BlueLeader is running
            </summary>
            <returns></returns>
        </member>
        <member name="M:TwoPint.PeerDist.BlueGreenLeader.Communicator.IBlueGreenLeaderCommunicator.CurrentBlueLeaderList">
            <summary>
            current list of BlueLeaders known to this service
            </summary>
            <returns>list of IPAddress</returns>
        </member>
        <member name="M:TwoPint.PeerDist.BlueGreenLeader.Communicator.IBlueGreenLeaderCommunicator.UpdateBlueLeaderListFromString(System.String)">
            <summary>
            update list of BlueLeaders in service; if none was parsed, existing list will not be updated
            </summary>
            <param name="addresses">ipAddress separated with semicolon</param>
            <returns>number of address parsed</returns>
        </member>
        <member name="M:TwoPint.PeerDist.BlueGreenLeader.Communicator.IBlueGreenLeaderCommunicator.CurrentRedLeaderList">
            <summary>
            current list of RedLeaders known to this service
            </summary>
            <returns>list of IPAddress</returns>
        </member>
        <member name="M:TwoPint.PeerDist.BlueGreenLeader.Communicator.IBlueGreenLeaderCommunicator.UpdateRedLeaderListFromString(System.String)">
            <summary>
            update list of RedLeaders in service; if none was parsed, existing list will be set to null
            </summary>
            <param name="addresses">ipAddress separated with semicolon</param>
            <returns>number of address parsed</returns>
        </member>
        <member name="M:TwoPint.PeerDist.BlueGreenLeader.Communicator.IBlueGreenLeaderCommunicator.IsMDnsForwarderRunning">
            <summary>
            If mDns Forwarder is running
            </summary>
            <returns></returns>
        </member>
        <member name="M:TwoPint.PeerDist.BlueGreenLeader.Communicator.IBlueGreenLeaderCommunicator.StartMDnsForwarderService">
            <summary>
            Start mDns Forwarder; this will open up ports to listen to mDNS port
            </summary>
            <returns>success and errorMessage (if failed)</returns>
        </member>
        <member name="M:TwoPint.PeerDist.BlueGreenLeader.Communicator.IBlueGreenLeaderCommunicator.StopMDnsForwarderService">
            <summary>
            Stop mDns Forwarder; will close up ports
            </summary>
        </member>
        <member name="M:TwoPint.PeerDist.BlueGreenLeader.Communicator.IBlueGreenLeaderCommunicator.StartGreenLeaderService">
            <summary>
            Start GreenLeader; this will open up ports for offer and request processor
            </summary>
            <returns>success and errorMessage (if failed)</returns>
        </member>
        <member name="M:TwoPint.PeerDist.BlueGreenLeader.Communicator.IBlueGreenLeaderCommunicator.StopGreenLeaderService">
            <summary>
            Stop GreenLeader; will close up ports
            </summary>
        </member>
        <member name="M:TwoPint.PeerDist.BlueGreenLeader.Communicator.IBlueGreenLeaderCommunicator.IsGreenLeaderRunning">
            <summary>
            Is GreenLeader running
            </summary>
            <returns></returns>
        </member>
        <member name="M:TwoPint.PeerDist.BlueGreenLeader.Communicator.IBlueGreenLeaderCommunicator.ImportOfferedDataIntoNativeDatabase(System.Boolean)">
            <summary>
            Import offered data to GreenLeader into Native database; note: on complete/failure, it will raise the action IExecuteAtClient.ImportOfferedDataIntoNativeDatabaseResult
            </summary>
        </member>
        <member name="M:TwoPint.PeerDist.BlueGreenLeader.Communicator.IBlueGreenLeaderCommunicator.GetStatsAsJson">
            <summary>
            Get stats json (same object as from status view at IP:StatusApiSettings.Port
            </summary>
            <returns></returns>
        </member>
        <member name="M:TwoPint.PeerDist.BlueGreenLeader.Communicator.IBlueGreenLeaderCommunicator.ResetStatsService">
            <summary>
            Reset Stats service (holds data displayed in status view page)
            </summary>
        </member>
        <member name="T:TwoPint.PeerDist.BlueGreenLeader.Communicator.SingletonBlueGreenLeaderCommunicatorFactory">
            <summary>
            lazy singleton pattern to supply IBlueGreenLeaderCommunicator
            </summary>
        </member>
    </members>
</doc>
