<?xml version="1.0"?>
<doc>
    <assembly>
        <name>TwoPint.CacheR.ClientAppProvider</name>
    </assembly>
    <members>
        <member name="P:TwoPint.CacheR.ClientAppProvider.ApiContracts.AddCacheResultRequest.ExpirationTimestamp">
            <summary>
            Should be File Time Utc
            </summary>
        </member>
        <member name="M:TwoPint.CacheR.ClientAppProvider.ClientHcsProvider.#ctor(TwoPint.CacheR.ClientAppProvider.Settings.ClientHcsProviderSettings)">
            <summary>
            HCS Client provider
            </summary>
            <param name="settings">HCS Client provider settings </param>
        </member>
        <member name="M:TwoPint.CacheR.ClientAppProvider.Security.ApiSecurity.PrepareRequestSecurity(System.String,System.String)">
            <summary>
            Prepare Request Security
            </summary>
        </member>
        <member name="M:TwoPint.CacheR.ClientAppProvider.Services.CacheResultService.Add(TwoPint.CacheR.ClientAppProvider.ApiContracts.AddCacheResultRequest)">
            <summary>
            Add results list
            </summary>
        </member>
        <member name="M:TwoPint.CacheR.ClientAppProvider.Services.CacheResultService.AddList(System.Collections.Generic.List{TwoPint.CacheR.ClientAppProvider.ApiContracts.AddCacheResultRequest})">
            <summary>
            Add results list
            </summary>
        </member>
        <member name="M:TwoPint.CacheR.ClientAppProvider.Services.CacheTrackService.Get(System.String,System.Int32)">
            <summary>
            Get
            </summary>
        </member>
        <member name="M:TwoPint.CacheR.ClientAppProvider.Services.CacheTrackService.GetFileName(System.String,System.Int32)">
            <summary>
            Get file name
            </summary>
        </member>
        <member name="M:TwoPint.CacheR.ClientAppProvider.Services.CacheTrackService.GetList">
            <summary>
            Get list
            </summary>
        </member>
        <member name="M:TwoPint.CacheR.ClientAppProvider.Services.TestService.GetVersion">
            <summary>
            Get version
            </summary>
        </member>
        <member name="M:TwoPint.CacheR.ClientAppProvider.Settings.ClientHcsProviderSettings.#ctor(System.String,System.String,System.String)">
            <summary>
            Client HCS provider settings
            </summary>
            <param name="hostUrl">Base host URL</param>
            <param name="key">Private key</param>
            <param name="agentId">Agent ID</param>
        </member>
    </members>
</doc>
