<?xml version="1.0"?>
<doc>
    <assembly>
        <name>TwoPint.CacheR.Security</name>
    </assembly>
    <members>
        <member name="T:TwoPint.CacheR.Security.CryptoHelper">
            <summary>
            Helper fon encryption and decryption
            </summary>
        </member>
        <member name="M:TwoPint.CacheR.Security.CryptoHelper.DecryptAes(System.String,System.String)">
            <summary>
            Decrypt using AES
            </summary>
        </member>
        <member name="M:TwoPint.CacheR.Security.CryptoHelper.EncryptAes(System.String,System.String)">
            <summary>
            Encrypt using AES
            </summary>
        </member>
        <member name="M:TwoPint.CacheR.Security.CryptoHelper.ComputeHmacShaHash(System.String,System.String)">
            <summary>
            Get HMAC SHA1 hash
            </summary>
        </member>
        <member name="M:TwoPint.CacheR.Security.CryptoHelper.Decrypt``1(System.String,System.String)">
            <summary>
            Decrypt
            </summary>
        </member>
        <member name="T:TwoPint.CacheR.Security.HashCalculator">
            <summary>
            Hash Calculation Class
            </summary>
        </member>
        <member name="M:TwoPint.CacheR.Security.HashCalculator.Calculate(System.String,System.String,System.String,System.String)">
            <summary>
            Calculates hash
            </summary>
            <param name="privateKey">Encryption key</param>
            <param name="timeStamp">Datetime stamp</param>
            <param name="token">Random string</param>
            <param name="agentId">Caller identifier</param>
            <returns></returns>
        </member>
    </members>
</doc>
