<?xml version="1.0"?>
<doc>
    <assembly>
        <name>TwoPint.PeerDist.BlueGreenLeader.SharedIpc</name>
    </assembly>
    <members>
        <member name="T:TwoPint.PeerDist.BlueGreenLeader.SharedIpc.IExecuteAtGreenBlueService">
            <summary>
            Communication contracts where BlueGreenLeaderService would support following to StifleR Client
            Note: Application trimming causes communication error if using Tuple&lt;T1, T2&gt;; replacing with KeyValuePair
            </summary>
        </member>
        <member name="M:TwoPint.PeerDist.BlueGreenLeader.SharedIpc.IExecuteAtGreenBlueService.GetAddress">
            <summary>
            Get current address for Blue and Green Leader
            </summary>
            <returns></returns>
        </member>
        <member name="M:TwoPint.PeerDist.BlueGreenLeader.SharedIpc.IExecuteAtGreenBlueService.ChangeIpAddress(System.String)">
            <summary>
            Change IP address for Blue and Green Leader (if applicable): Note - this may may take couple of seconds to complete
            </summary>
            <returns>success and errorMessage (if failed)</returns>
            <returns></returns>
        </member>
        <member name="M:TwoPint.PeerDist.BlueGreenLeader.SharedIpc.IExecuteAtGreenBlueService.StartBlueLeaderService">
            <summary>
            Start BlueLeader; this will open up ports to communicate with other blue leaders and native branch cache client
            </summary>
            <returns>success and errorMessage (if failed)</returns>
        </member>
        <member name="M:TwoPint.PeerDist.BlueGreenLeader.SharedIpc.IExecuteAtGreenBlueService.StopBlueLeaderService">
            <summary>
            Stop BlueLeader; will close up ports
            </summary>
        </member>
        <member name="M:TwoPint.PeerDist.BlueGreenLeader.SharedIpc.IExecuteAtGreenBlueService.IsBlueLeaderRunning">
            <summary>
            If BlueLeader is running
            </summary>
            <returns></returns>
        </member>
        <member name="M:TwoPint.PeerDist.BlueGreenLeader.SharedIpc.IExecuteAtGreenBlueService.CurrentBlueLeaderList">
            <summary>
            current list of BlueLeaders known to this service
            </summary>
            <returns>list of IPAddress</returns>
        </member>
        <member name="M:TwoPint.PeerDist.BlueGreenLeader.SharedIpc.IExecuteAtGreenBlueService.UpdateBlueLeaderListFromString(System.String)">
            <summary>
            update list of BlueLeaders in service; if none was parsed, existing list will not be updated
            </summary>
            <param name="blueLeaders">ipAddress separated with semicolon</param>
            <returns>number of address parsed</returns>
        </member>
        <member name="M:TwoPint.PeerDist.BlueGreenLeader.SharedIpc.IExecuteAtGreenBlueService.UpdateBlueLeaderList(System.Collections.Generic.IList{System.String})">
            <summary>
            update list of BlueLeaders in service; if none was parsed, existing list will not be updated
            </summary>
            <param name="ipAddresses">list of ipAddress</param>
            <returns>number of address parsed</returns>
        </member>
        <member name="M:TwoPint.PeerDist.BlueGreenLeader.SharedIpc.IExecuteAtGreenBlueService.CurrentRedLeaderList">
            <summary>
            current list of RedLeaders known to this service
            </summary>
            <returns>list of IPAddress</returns>
        </member>
        <member name="M:TwoPint.PeerDist.BlueGreenLeader.SharedIpc.IExecuteAtGreenBlueService.UpdateRedLeaderListFromString(System.String)">
            <summary>
            update list of RedLeaders in service; if none was parsed, existing list will be set to null
            </summary>
            <param name="redLeaders">ipAddress separated with semicolon</param>
            <returns>number of address parsed</returns>
        </member>
        <member name="M:TwoPint.PeerDist.BlueGreenLeader.SharedIpc.IExecuteAtGreenBlueService.UpdateRedLeaderList(System.Collections.Generic.IList{System.String})">
            <summary>
            update list of RedLeaders in service; if none was parsed, existing list will be set to null
            </summary>
            <param name="ipAddresses">list of ipAddress</param>
            <returns>number of address parsed</returns>
        </member>
        <member name="M:TwoPint.PeerDist.BlueGreenLeader.SharedIpc.IExecuteAtGreenBlueService.StartMDnsForwarderService">
            <summary>
            Start mDns Forwarder; this will open up ports to listen to mDNS port
            </summary>
            <returns>success and errorMessage (if failed)</returns>
        </member>
        <member name="M:TwoPint.PeerDist.BlueGreenLeader.SharedIpc.IExecuteAtGreenBlueService.StopMDnsForwarderService">
            <summary>
            Stop mDns Forwarder; will close up ports
            </summary>
        </member>
        <member name="M:TwoPint.PeerDist.BlueGreenLeader.SharedIpc.IExecuteAtGreenBlueService.IsMDnsForwarderRunning">
            <summary>
            If mDns Forwarder is running
            </summary>
            <returns></returns>
        </member>
        <member name="M:TwoPint.PeerDist.BlueGreenLeader.SharedIpc.IExecuteAtGreenBlueService.StartGreenLeaderService">
            <summary>
            Start GreenLeader; this will open up ports for offer and request processor
            </summary>
            <returns>success and errorMessage (if failed)</returns>
        </member>
        <member name="M:TwoPint.PeerDist.BlueGreenLeader.SharedIpc.IExecuteAtGreenBlueService.StopGreenLeaderService">
            <summary>
            Stop GreenLeader; will close up ports
            </summary>
        </member>
        <member name="M:TwoPint.PeerDist.BlueGreenLeader.SharedIpc.IExecuteAtGreenBlueService.IsGreenLeaderRunning">
            <summary>
            Is GreenLeader running
            </summary>
            <returns></returns>
        </member>
        <member name="M:TwoPint.PeerDist.BlueGreenLeader.SharedIpc.IExecuteAtGreenBlueService.ImportOfferedDataIntoNativeDatabase(System.Boolean)">
            <summary>
            Import offered data to GreenLeader into Native database; note: on complete/failure, it will raise the action IExecuteAtClient.ImportOfferedDataIntoNativeDatabaseResult
            </summary>
        </member>
        <member name="M:TwoPint.PeerDist.BlueGreenLeader.SharedIpc.IExecuteAtGreenBlueService.GetStatsAsJson">
            <summary>
            Get stats json (same object as from status view at IP:StatusApiSettings.Port
            </summary>
            <returns></returns>
        </member>
        <member name="M:TwoPint.PeerDist.BlueGreenLeader.SharedIpc.IExecuteAtGreenBlueService.ResetStatsService">
            <summary>
            Reset Stats service (holds data displayed in status view page)
            </summary>
        </member>
        <member name="T:TwoPint.PeerDist.BlueGreenLeader.SharedIpc.IExecuteAtClient">
            <summary>
            Communication contracts where StifleR Client would expose following to BlueGreenLeaderService
            </summary>
        </member>
        <member name="M:TwoPint.PeerDist.BlueGreenLeader.SharedIpc.IExecuteAtClient.ErrorOccurred(System.String)">
            <summary>
            Some kind of warning: not used right now
            </summary>
            <param name="exceptionMessage">Exception as string</param>
        </member>
        <member name="M:TwoPint.PeerDist.BlueGreenLeader.SharedIpc.IExecuteAtClient.ReplyToHeartBeat">
            <summary>
            Requesting heartbeat every 30 seconds
            </summary>
            <returns></returns>
        </member>
        <member name="M:TwoPint.PeerDist.BlueGreenLeader.SharedIpc.IExecuteAtClient.ImportOfferedDataIntoNativeDatabaseResult(System.Boolean,System.String)">
            <summary>
            raised when ImportOfferedDataIntoNativeDatabase is called
            </summary>
            <returns></returns>
        </member>
    </members>
</doc>
